@id,almaMmsId,creator,language,rdftype
frl:6472896,['99373435897806441'],"[{'prefLabel': 'Garcia Borrega, Jorge', '@id': 'https://d-nb.info/gnd/1315079062'}, {'prefLabel': 'Kiehl, Malte', '@id': 'https://d-nb.info/gnd/1241289069'}, {'prefLabel': 'Schleifenbaum, Julia', '@id': 'https://d-nb.info/gnd/1315031124'}, {'prefLabel': 'Böll, Boris', '@id': 'https://d-nb.info/gnd/132030543'}, {'prefLabel': 'Universitätsklinikum Köln. Klinik I für Innere Medizin', '@id': 'https://d-nb.info/gnd/10018507-1'}]","[{'@id': 'http://id.loc.gov/vocabulary/iso639-2/ger', 'label': 'Deutsch', 'prefLabel': 'Deutsch'}]","[{'prefLabel': 'Leitlinien / Normschriften', '@id': 'http://purl.org/ontology/bibo/Standard'}, {'prefLabel': 'Monografie', '@id': 'http://purl.org/ontology/bibo/Book'}]"
frl:6472886,['99373435899906441'],"[{'prefLabel': 'Cornely, Oliver Andreas', '@id': 'https://d-nb.info/gnd/121712915'}, {'prefLabel': 'Köhler, Philipp', '@id': 'https://d-nb.info/gnd/1033465666'}, {'prefLabel': 'Mellinghoff, Sibylle Christiane', '@id': 'https://d-nb.info/gnd/112248822X'}, {'prefLabel': 'Chayakulkeeree, Methee', '@id': 'https://d-nb.info/gnd/1315040972'}, {'prefLabel': 'Chayakulkeeree, Methee', '@id': 'https://d-nb.info/gnd/1315040972'}, {'prefLabel': 'Universitätsklinikum Köln. Klinik I für Innere Medizin', '@id': 'https://d-nb.info/gnd/10018507-1'}]","[{'@id': 'http://id.loc.gov/vocabulary/iso639-2/tha', 'label': 'Thailändisch', 'prefLabel': 'Thailändisch'}]","[{'prefLabel': 'Leitlinien / Normschriften', '@id': 'http://purl.org/ontology/bibo/Standard'}, {'prefLabel': 'Monografie', '@id': 'http://purl.org/ontology/bibo/Book'}]"
frl:6472887,['99373435899806441'],"[{'prefLabel': 'Spec, Andrej', '@id': 'https://d-nb.info/gnd/1258794705'}, {'prefLabel': 'Mejia-Chew, Carlos', '@id': 'https://d-nb.info/gnd/1258795116'}, {'prefLabel': 'Powderly, William', '@id': 'https://d-nb.info/gnd/1258795973'}, {'prefLabel': 'Köhler, Philipp', '@id': 'https://d-nb.info/gnd/1033465666'}, {'prefLabel': 'Cornely, Oliver Andreas', '@id': 'https://d-nb.info/gnd/121712915'}, {'prefLabel': 'Chayakulkeeree, Methee', '@id': 'https://d-nb.info/gnd/1315040972'}, {'prefLabel': 'Chayakulkeeree, Methee', '@id': 'https://d-nb.info/gnd/1315040972'}, {'prefLabel': 'Universitätsklinikum Köln. Klinik I für Innere Medizin', '@id': 'https://d-nb.info/gnd/10018507-1'}]","[{'@id': 'http://id.loc.gov/vocabulary/iso639-2/tha', 'label': 'Thailändisch', 'prefLabel': 'Thailändisch'}]","[{'prefLabel': 'Leitlinien / Normschriften', '@id': 'http://purl.org/ontology/bibo/Standard'}, {'prefLabel': 'Monografie', '@id': 'http://purl.org/ontology/bibo/Book'}]"
frl:6472888,['99373435899506441'],"[{'prefLabel': 'Cornely, Oliver Andreas', '@id': 'https://d-nb.info/gnd/121712915'}, {'prefLabel': 'Köhler, Philipp', '@id': 'https://d-nb.info/gnd/1033465666'}, {'prefLabel': 'Mellinghoff, Sibylle Christiane', '@id': 'https://d-nb.info/gnd/112248822X'}, {'prefLabel': 'Chayakulkeeree, Methee', '@id': 'https://d-nb.info/gnd/1315040972'}, {'prefLabel': 'Chayakulkeeree, Methee', '@id': 'https://d-nb.info/gnd/1315040972'}, {'prefLabel': 'Universitätsklinikum Köln. Klinik I für Innere Medizin', '@id': 'https://d-nb.info/gnd/10018507-1'}]","[{'@id': 'http://id.loc.gov/vocabulary/iso639-2/tha', 'label': 'Thailändisch', 'prefLabel': 'Thailändisch'}]","[{'prefLabel': 'Leitlinien / Normschriften', '@id': 'http://purl.org/ontology/bibo/Standard'}, {'prefLabel': 'Monografie', '@id': 'http://purl.org/ontology/bibo/Book'}]"
frl:6472890,['99373467874506441'],"[{'prefLabel': 'Sprute, Rosanne', '@id': 'https://d-nb.info/gnd/1209782375'}, {'prefLabel': 'Bethe, Ullrich', '@id': 'https://d-nb.info/gnd/128376090'}, {'prefLabel': 'Chen, Sharon C.-A.', '@id': 'https://d-nb.info/gnd/1315135558'}, {'prefLabel': 'Cornely, Oliver Andreas', '@id': 'https://d-nb.info/gnd/121712915'}, {'prefLabel': 'Queiroz-Telles, Flavio', '@id': 'https://frl.publisso.de/adhoc/author/Queiroz-Telles, Flavio'}, {'prefLabel': 'Queiroz-Telles, Flavio', '@id': 'https://frl.publisso.de/adhoc/author/Queiroz-Telles, Flavio'}, {'prefLabel': 'Universitätsklinikum Köln. Klinik I für Innere Medizin', '@id': 'https://d-nb.info/gnd/10018507-1'}]","[{'@id': 'http://id.loc.gov/vocabulary/iso639-2/por', 'label': 'Portugiesisch', 'prefLabel': 'Portugiesisch'}]","[{'prefLabel': 'Leitlinien / Normschriften', '@id': 'http://purl.org/ontology/bibo/Standard'}, {'prefLabel': 'Monografie', '@id': 'http://purl.org/ontology/bibo/Book'}]"
frl:6472891,['99373467871306441'],"[{'prefLabel': 'Sprute, Rosanne', '@id': 'https://d-nb.info/gnd/1209782375'}, {'prefLabel': 'Bethe, Ullrich', '@id': 'https://d-nb.info/gnd/128376090'}, {'prefLabel': 'Chen, Sharon C.-A.', '@id': 'https://d-nb.info/gnd/1315135558'}, {'prefLabel': 'Cornely, Oliver Andreas', '@id': 'https://d-nb.info/gnd/121712915'}, {'prefLabel': 'Soriano, Alex', '@id': 'https://frl.publisso.de/adhoc/author/Soriano, Alex'}, {'prefLabel': 'Soriano, Alex', '@id': 'https://frl.publisso.de/adhoc/author/Soriano, Alex'}, {'prefLabel': 'Universitätsklinikum Köln. Klinik I für Innere Medizin', '@id': 'https://d-nb.info/gnd/10018507-1'}]","[{'@id': 'http://id.loc.gov/vocabulary/iso639-2/spa', 'label': 'Spanisch', 'prefLabel': 'Spanisch'}]","[{'prefLabel': 'Leitlinien / Normschriften', '@id': 'http://purl.org/ontology/bibo/Standard'}, {'prefLabel': 'Monografie', '@id': 'http://purl.org/ontology/bibo/Book'}]"
frl:6472893,['99373467869706441'],"[{'prefLabel': 'Sprute, Rosanne', '@id': 'https://d-nb.info/gnd/1209782375'}, {'prefLabel': 'Braeckel, Eva van', '@id': 'https://frl.publisso.de/adhoc/author/Braeckel, Eva van'}, {'prefLabel': 'Flick, Holger', '@id': 'https://frl.publisso.de/adhoc/author/Flick, Holger'}, {'prefLabel': 'Cornely, Oliver Andreas', '@id': 'https://d-nb.info/gnd/121712915'}, {'prefLabel': 'Seidel, Danila', '@id': 'https://d-nb.info/gnd/1050961722'}, {'prefLabel': 'Queiroz-Telles, Flavio', '@id': 'https://frl.publisso.de/adhoc/author/Queiroz-Telles, Flavio'}, {'prefLabel': 'Queiroz-Telles, Flavio', '@id': 'https://frl.publisso.de/adhoc/author/Queiroz-Telles, Flavio'}, {'prefLabel': 'Universitätsklinikum Köln. Klinik I für Innere Medizin', '@id': 'https://d-nb.info/gnd/10018507-1'}]","[{'@id': 'http://id.loc.gov/vocabulary/iso639-2/por', 'label': 'Portugiesisch', 'prefLabel': 'Portugiesisch'}]","[{'prefLabel': 'Leitlinien / Normschriften', '@id': 'http://purl.org/ontology/bibo/Standard'}, {'prefLabel': 'Monografie', '@id': 'http://purl.org/ontology/bibo/Book'}]"
frl:6472894,['99373467869606441'],"[{'prefLabel': 'Sprute, Rosanne', '@id': 'https://d-nb.info/gnd/1209782375'}, {'prefLabel': 'Braeckel, Eva van', '@id': 'https://frl.publisso.de/adhoc/author/Braeckel, Eva van'}, {'prefLabel': 'Flick, Holger', '@id': 'https://frl.publisso.de/adhoc/author/Flick, Holger'}, {'prefLabel': 'Cornely, Oliver Andreas', '@id': 'https://d-nb.info/gnd/121712915'}, {'prefLabel': 'Seidel, Danila', '@id': 'https://d-nb.info/gnd/1050961722'}, {'prefLabel': 'Soriano, Alex', '@id': 'https://frl.publisso.de/adhoc/author/Soriano, Alex'}, {'prefLabel': 'Soriano, Alex', '@id': 'https://frl.publisso.de/adhoc/author/Soriano, Alex'}, {'prefLabel': 'Universitätsklinikum Köln. Klinik I für Innere Medizin', '@id': 'https://d-nb.info/gnd/10018507-1'}]","[{'@id': 'http://id.loc.gov/vocabulary/iso639-2/spa', 'label': 'Spanisch', 'prefLabel': 'Spanisch'}]","[{'prefLabel': 'Leitlinien / Normschriften', '@id': 'http://purl.org/ontology/bibo/Standard'}, {'prefLabel': 'Monografie', '@id': 'http://purl.org/ontology/bibo/Book'}]"
frl:6472895,['99373474580606441'],"[{'prefLabel': 'Sprute, Rosanne', '@id': 'https://d-nb.info/gnd/1209782375'}, {'prefLabel': 'Braeckel, Eva van', '@id': 'https://frl.publisso.de/adhoc/author/Braeckel, Eva van'}, {'prefLabel': 'Flick, Holger', '@id': 'https://frl.publisso.de/adhoc/author/Flick, Holger'}, {'prefLabel': 'Cornely, Oliver Andreas', '@id': 'https://d-nb.info/gnd/121712915'}, {'prefLabel': 'Seidel, Danila', '@id': 'https://d-nb.info/gnd/1050961722'}, {'prefLabel': 'Chayakulkeeree, Methee', '@id': 'https://d-nb.info/gnd/1315040972'}, {'prefLabel': 'Chayakulkeeree, Methee', '@id': 'https://d-nb.info/gnd/1315040972'}, {'prefLabel': 'Universitätsklinikum Köln. Klinik I für Innere Medizin', '@id': 'https://d-nb.info/gnd/10018507-1'}]","[{'@id': 'http://id.loc.gov/vocabulary/iso639-2/tha', 'label': 'Thailändisch', 'prefLabel': 'Thailändisch'}]","[{'prefLabel': 'Leitlinien / Normschriften', '@id': 'http://purl.org/ontology/bibo/Standard'}, {'prefLabel': 'Monografie', '@id': 'http://purl.org/ontology/bibo/Book'}]"
frl:6472909,,"[{'@id': 'https://frl.publisso.de/adhoc/uri/S2l6aWxpcm1haywgSmFzbWluIE0u', 'prefLabel': 'Kizilirmak, Jasmin M.'}, {'@id': 'https://orcid.org/0000-0002-8879-5666', 'prefLabel': 'Soch, Joram'}, {'@id': 'https://orcid.org/0000-0001-9681-6298', 'prefLabel': 'Richter, Anni'}, {'@id': 'https://orcid.org/0000-0002-8237-4481', 'prefLabel': 'Schott, Björn'}]","[{'@id': 'http://id.loc.gov/vocabulary/iso639-2/eng', 'prefLabel': 'Englisch'}]","[{'prefLabel': 'Artikel', '@id': 'http://purl.org/ontology/bibo/Article'}]"
frl:6472908,['99373474569306441'],"[{'prefLabel': 'Behrens, Yvonne', '@id': 'https://d-nb.info/gnd/1185999272'}, {'prefLabel': 'Matusiewicz, David', '@id': 'https://d-nb.info/gnd/1060448602'}, {'prefLabel': 'Cassens, Manfred', '@id': 'https://d-nb.info/gnd/132380579'}]","[{'@id': 'http://id.loc.gov/vocabulary/iso639-2/eng', 'label': 'Englisch', 'prefLabel': 'Englisch'}]","[{'prefLabel': 'Monografie', '@id': 'http://purl.org/ontology/bibo/Book'}]"
frl:6472913,['99373479978006441'],"[{'prefLabel': 'Schaff, Arnd', '@id': 'https://d-nb.info/gnd/120630893'}, {'prefLabel': 'Matusiewicz, David', '@id': 'https://d-nb.info/gnd/1060448602'}, {'prefLabel': 'Cassens, Manfred', '@id': 'https://d-nb.info/gnd/132380579'}]","[{'@id': 'http://id.loc.gov/vocabulary/iso639-2/ger', 'label': 'Deutsch', 'prefLabel': 'Deutsch'}]","[{'prefLabel': 'Monografie', '@id': 'http://purl.org/ontology/bibo/Book'}]"
frl:6472912,['99373435911206441'],"[{'prefLabel': 'Kühling, Wilfried', '@id': 'https://d-nb.info/gnd/120129167'}, {'prefLabel': 'Kühling, Wilfried', '@id': 'https://d-nb.info/gnd/120129167'}, {'prefLabel': 'Ludwig, Peter', '@id': 'https://frl.publisso.de/adhoc/author/Ludwig, Peter'}, {'prefLabel': 'Ludwig, Peter', '@id': 'https://frl.publisso.de/adhoc/author/Ludwig, Peter'}, {'prefLabel': 'Kompetenzinitiative zum Schutz von Mensch, Umwelt und Demokratie', '@id': 'https://d-nb.info/gnd/1063951283'}]","[{'@id': 'http://id.loc.gov/vocabulary/iso639-2/ger', 'label': 'Deutsch', 'prefLabel': 'Deutsch'}]","[{'prefLabel': 'Monografie', '@id': 'http://purl.org/ontology/bibo/Book'}]"
frl:6472916,,"[{'@id': 'https://orcid.org/0000-0002-8668-0574', 'prefLabel': 'eslambeig , farideh'}, {'@id': 'https://orcid.org/0000-0002-9966-7387', 'prefLabel': 'Mousavi Nadushan, Rezvan'}, {'@id': 'https://frl.publisso.de/adhoc/uri/SmFmYXJwb3VyLCBBZnNoaW4=', 'prefLabel': 'Jafarpour, Afshin'}, {'@id': 'https://frl.publisso.de/adhoc/uri/TW9zbGVoaXNoYWQsIE1hcnlhbQ==', 'prefLabel': 'Moslehishad, Maryam'}]","[{'@id': 'http://id.loc.gov/vocabulary/iso639-2/eng', 'prefLabel': 'Englisch'}]","[{'prefLabel': 'Artikel', '@id': 'http://purl.org/ontology/bibo/Article'}]"
frl:6472918,,"[{'@id': 'https://frl.publisso.de/adhoc/uri/WW91c3NlZiwgTmVzcmluZSBILg==', 'prefLabel': 'Youssef, Nesrine H.'}, {'@id': 'https://frl.publisso.de/adhoc/uri/ZWwgR2FtbWFsLCBNb2hhbWVkIEgu', 'prefLabel': 'el Gammal, Mohamed H.'}, {'@id': 'https://frl.publisso.de/adhoc/uri/QWx0YWllLCBIYXltYW4gQS4gQS4=', 'prefLabel': 'Altaie, Hayman A. A.'}, {'@id': 'https://frl.publisso.de/adhoc/uri/UWFkaGksIEFsYWE=', 'prefLabel': 'Qadhi, Alaa'}, {'@id': 'https://orcid.org/0000-0003-0089-4393', 'prefLabel': 'Tufarelli, Vincenzo'}, {'@id': 'https://frl.publisso.de/adhoc/uri/TG9zYWNjbywgQ2F0ZXJpbmE=', 'prefLabel': 'Losacco, Caterina'}, {'@id': 'https://orcid.org/0000-0002-2831-8534', 'prefLabel': 'Abd El-Hack, Mohamed'}, {'@id': 'https://frl.publisso.de/adhoc/uri/QWJkZWxzYWxhbSwgTmFkZXIgUi4=', 'prefLabel': 'Abdelsalam, Nader R.'}]","[{'@id': 'http://id.loc.gov/vocabulary/iso639-2/eng', 'prefLabel': 'Englisch'}]","[{'prefLabel': 'Artikel', '@id': 'http://purl.org/ontology/bibo/Article'}]"
frl:6472920,,"[{'@id': 'https://frl.publisso.de/adhoc/uri/TWFxYm9vbCwgSmF2ZXJpYQ==', 'prefLabel': 'Maqbool, Javeria'}, {'@id': 'https://frl.publisso.de/adhoc/uri/QW53YXIsIEhhc2VlYg==', 'prefLabel': 'Anwar, Haseeb'}, {'@id': 'https://frl.publisso.de/adhoc/uri/UmFzdWwsIEF6aGFy', 'prefLabel': 'Rasul, Azhar'}, {'@id': 'https://orcid.org/0000-0002-0332-8066', 'prefLabel': 'Imran, Dr. Ali'}, {'@id': 'https://frl.publisso.de/adhoc/uri/U2FhZHVsbGFoLCBNYWxpaw==', 'prefLabel': 'Saadullah, Malik'}, {'@id': 'https://orcid.org/0000-0002-0843-8512', 'prefLabel': 'Malik, Shoaib Ahmad'}, {'@id': 'https://frl.publisso.de/adhoc/uri/U2hhYmJpciwgQXNnaGFy', 'prefLabel': 'Shabbir, Asghar'}, {'@id': 'https://frl.publisso.de/adhoc/uri/QWtyYW0sIFJhYmlh', 'prefLabel': 'Akram, Rabia'}, {'@id': 'https://frl.publisso.de/adhoc/uri/U2FqaWQsIEZhaXFh', 'prefLabel': 'Sajid, Faiqa'}, {'@id': 'https://frl.publisso.de/adhoc/uri/WmFmYXIsIFNoYW1haWxh', 'prefLabel': 'Zafar, Shamaila'}, {'@id': 'https://frl.publisso.de/adhoc/uri/U2FlZWQsIFN1bWFu', 'prefLabel': 'Saeed, Suman'}, {'@id': 'https://frl.publisso.de/adhoc/uri/QWtyYW0sIE11aGFtbWFkIE51bWFu', 'prefLabel': 'Akram, Muhammad Numan'}, {'@id': 'https://orcid.org/0000-0001-6935-5924', 'prefLabel': 'Islam, Fakhar'}, {'@id': 'https://orcid.org/0000-0001-9090-7789', 'prefLabel': 'HUSSAIN, Ghulam'}, {'@id': 'https://orcid.org/0000-0002-0424-7719', 'prefLabel': 'Islam, Saiful'}]","[{'@id': 'http://id.loc.gov/vocabulary/iso639-2/eng', 'prefLabel': 'Englisch'}]","[{'prefLabel': 'Artikel', '@id': 'http://purl.org/ontology/bibo/Article'}]"
frl:6472922,,"[{'@id': 'https://orcid.org/0000-0002-1998-0200', 'prefLabel': 'Yokoyama, Issei'}, {'@id': 'https://frl.publisso.de/adhoc/uri/U2V0b3lhbWEsIE91', 'prefLabel': 'Setoyama, Ou'}, {'@id': 'https://frl.publisso.de/adhoc/uri/SmlhLCBZYXFp', 'prefLabel': 'Jia, Yaqi'}, {'@id': 'https://frl.publisso.de/adhoc/uri/RnVqaXRhLCBOYW5h', 'prefLabel': 'Fujita, Nana'}, {'@id': 'https://frl.publisso.de/adhoc/uri/V2FraSwgQWthbmU=', 'prefLabel': 'Waki, Akane'}, {'@id': 'https://orcid.org/0000-0003-3225-2491', 'prefLabel': 'Komiya, Yusuke'}, {'@id': 'https://orcid.org/0000-0001-6711-8976', 'prefLabel': 'Nagasao, Jun'}, {'@id': 'https://orcid.org/0000-0002-9035-3189', 'prefLabel': 'Arihara, Keizo'}]","[{'@id': 'http://id.loc.gov/vocabulary/iso639-2/eng', 'prefLabel': 'Englisch'}]","[{'prefLabel': 'Artikel', '@id': 'http://purl.org/ontology/bibo/Article'}]"
frl:6472924,,"[{'@id': 'https://frl.publisso.de/adhoc/uri/S2ltLCBNaW4gSGVl', 'prefLabel': 'Kim, Min Hee'}, {'@id': 'https://frl.publisso.de/adhoc/uri/S2ltLCBTdS1KZW9uZw==', 'prefLabel': 'Kim, Su-Jeong'}, {'@id': 'https://frl.publisso.de/adhoc/uri/S2ltLCBTaS1IeXVu', 'prefLabel': 'Kim, Si-Hyun'}, {'@id': 'https://orcid.org/0000-0002-5770-7096', 'prefLabel': 'Park, Woo-Jae'}, {'@id': 'https://frl.publisso.de/adhoc/uri/SGFuLCBKdW5nLVNvb24=', 'prefLabel': 'Han, Jung-Soon'}]","[{'@id': 'http://id.loc.gov/vocabulary/iso639-2/eng', 'prefLabel': 'Englisch'}]","[{'prefLabel': 'Artikel', '@id': 'http://purl.org/ontology/bibo/Article'}]"
frl:6472927,,"[{'@id': 'https://frl.publisso.de/adhoc/uri/T3NhbmxvbywgTWFobW91ZA==', 'prefLabel': 'Osanloo, Mahmoud'}, {'@id': 'https://frl.publisso.de/adhoc/uri/RXNrYW5kYXJpLCBaYWhyYQ==', 'prefLabel': 'Eskandari, Zahra'}, {'@id': 'https://frl.publisso.de/adhoc/uri/WmFyZW5lemhhZCwgRWxoYW0=', 'prefLabel': 'Zarenezhad, Elham'}, {'@id': 'https://frl.publisso.de/adhoc/uri/UWFzZW1pLCBIYWphcg==', 'prefLabel': 'Qasemi, Hajar'}, {'@id': 'https://orcid.org/0000-0001-8643-7745', 'prefLabel': 'nematollahi, amene'}]","[{'@id': 'http://id.loc.gov/vocabulary/iso639-2/eng', 'prefLabel': 'Englisch'}]","[{'prefLabel': 'Artikel', '@id': 'http://purl.org/ontology/bibo/Article'}]"
frl:6472929,,"[{'@id': 'https://orcid.org/0000-0003-2512-3456', 'prefLabel': 'Akullo, Jolly'}, {'@id': 'https://frl.publisso.de/adhoc/uri/S2lhZ2UtTW9rdWEsIEJlYXRyaWNlIE4u', 'prefLabel': 'Kiage-Mokua, Beatrice N.'}, {'@id': 'https://frl.publisso.de/adhoc/uri/TmFraW1idWd3ZSwgRG9yb3RoeQ==', 'prefLabel': 'Nakimbugwe, Dorothy'}, {'@id': 'https://frl.publisso.de/adhoc/uri/TmcnYW5nJ2EsIEplcmVtaWFo', 'prefLabel': ""Ng'ang'a, Jeremiah""}, {'@id': 'https://frl.publisso.de/adhoc/uri/S2lueXVydSwgSm9obg==', 'prefLabel': 'Kinyuru, John'}]","[{'@id': 'http://id.loc.gov/vocabulary/iso639-2/eng', 'prefLabel': 'Englisch'}]","[{'prefLabel': 'Artikel', '@id': 'http://purl.org/ontology/bibo/Article'}]"
frl:6472931,,"[{'@id': 'https://orcid.org/0000-0002-7845-5908', 'prefLabel': 'Mohibbullah, Dr. Md.'}, {'@id': 'https://frl.publisso.de/adhoc/uri/VGFsaGEsIE1kIEFidQ==', 'prefLabel': 'Talha, Md Abu'}, {'@id': 'https://frl.publisso.de/adhoc/uri/QmF0ZW4sIE1kIEFiZHVs', 'prefLabel': 'Baten, Md Abdul'}, {'@id': 'https://frl.publisso.de/adhoc/uri/TmV3YXosIEFzaWYgV2FyZXM=', 'prefLabel': 'Newaz, Asif Wares'}, {'@id': 'https://orcid.org/0000-0002-8151-6054', 'prefLabel': 'Choi, Jae-Suk'}]","[{'@id': 'http://id.loc.gov/vocabulary/iso639-2/eng', 'prefLabel': 'Englisch'}]","[{'prefLabel': 'Artikel', '@id': 'http://purl.org/ontology/bibo/Article'}]"
frl:6472933,,"[{'@id': 'https://frl.publisso.de/adhoc/uri/S2lhbmksIEFtaW4=', 'prefLabel': 'Kiani, Amin'}, {'@id': 'https://orcid.org/0000-0003-0422-037X', 'prefLabel': 'arabameri, majid'}, {'@id': 'https://orcid.org/0000-0002-2861-5758', 'prefLabel': 'Shariatifar, Nabi'}, {'@id': 'https://frl.publisso.de/adhoc/uri/TWVocmFpZSwgQWJiYXM=', 'prefLabel': 'Mehraie, Abbas'}, {'@id': 'https://frl.publisso.de/adhoc/uri/VG9vcnlhbiwgRmFoaW1laA==', 'prefLabel': 'Tooryan, Fahimeh'}, {'@id': 'https://frl.publisso.de/adhoc/uri/R2hhbmJhcmlhc2FkLCBBbGk=', 'prefLabel': 'Ghanbariasad, Ali'}, {'@id': 'https://frl.publisso.de/adhoc/uri/U2hhaHNhdmFyaSwgU2FlZWQ=', 'prefLabel': 'Shahsavari, Saeed'}]","[{'@id': 'http://id.loc.gov/vocabulary/iso639-2/eng', 'prefLabel': 'Englisch'}]","[{'prefLabel': 'Artikel', '@id': 'http://purl.org/ontology/bibo/Article'}]"
frl:6472935,,"[{'@id': 'https://orcid.org/0000-0002-1672-2353', 'prefLabel': 'Chen, Yiqiu'}, {'@id': 'https://frl.publisso.de/adhoc/uri/SGFuLCBUaW5n', 'prefLabel': 'Han, Ting'}]","[{'@id': 'http://id.loc.gov/vocabulary/iso639-2/eng', 'prefLabel': 'Englisch'}]","[{'prefLabel': 'Artikel', '@id': 'http://purl.org/ontology/bibo/Article'}]"
frl:6472937,,"[{'@id': 'https://frl.publisso.de/adhoc/uri/UmV6YWVpLCBaZWluYWI=', 'prefLabel': 'Rezaei, Zeinab'}, {'@id': 'https://frl.publisso.de/adhoc/uri/U2FsYXJpLCBBbWly', 'prefLabel': 'Salari, Amir'}, {'@id': 'https://orcid.org/0000-0003-0106-587X', 'prefLabel': 'khanzadi, Saeid'}, {'@id': 'https://frl.publisso.de/adhoc/uri/UmhpbSwgSm9uZy1XaGFu', 'prefLabel': 'Rhim, Jong-Whan'}, {'@id': 'https://frl.publisso.de/adhoc/uri/U2hhbWxvbywgRWhzYW4=', 'prefLabel': 'Shamloo, Ehsan'}]","[{'@id': 'http://id.loc.gov/vocabulary/iso639-2/eng', 'prefLabel': 'Englisch'}]","[{'prefLabel': 'Artikel', '@id': 'http://purl.org/ontology/bibo/Article'}]"
frl:6472939,,"[{'@id': 'https://orcid.org/0000-0001-8369-0809', 'prefLabel': 'Liu, Wenying'}, {'@id': 'https://frl.publisso.de/adhoc/uri/V2FuZywgWHVl', 'prefLabel': 'Wang, Xue'}, {'@id': 'https://frl.publisso.de/adhoc/uri/UmVuLCBKaWU=', 'prefLabel': 'Ren, Jie'}, {'@id': 'https://frl.publisso.de/adhoc/uri/WmhlbmcsIENoZW5nLURvbmc=', 'prefLabel': 'Zheng, Cheng-Dong'}, {'@id': 'https://frl.publisso.de/adhoc/uri/V3UsIEhhbi1TaHVv', 'prefLabel': 'Wu, Han-Shuo'}, {'@id': 'https://frl.publisso.de/adhoc/uri/TWVuZywgRmFuLVRvbmc=', 'prefLabel': 'Meng, Fan-Tong'}, {'@id': 'https://frl.publisso.de/adhoc/uri/TGluZywgS29uZw==', 'prefLabel': 'Ling, Kong'}, {'@id': 'https://frl.publisso.de/adhoc/uri/UWksIFhpdS1ZdQ==', 'prefLabel': 'Qi, Xiu-Yu'}, {'@id': 'https://frl.publisso.de/adhoc/uri/WmhvdSwgTWluZw==', 'prefLabel': 'Zhou, Ming'}, {'@id': 'https://frl.publisso.de/adhoc/uri/V2FuZywgWXVl', 'prefLabel': 'Wang, Yue'}, {'@id': 'https://frl.publisso.de/adhoc/uri/R3UsIFJ1aS1aZW5n', 'prefLabel': 'Gu, Rui-Zeng'}, {'@id': 'https://frl.publisso.de/adhoc/uri/SGFuLCBMdS1KaWE=', 'prefLabel': 'Han, Lu-Jia'}, {'@id': 'https://frl.publisso.de/adhoc/uri/WmhhbmcsIFlvbmctSml1', 'prefLabel': 'Zhang, Yong-Jiu'}]","[{'@id': 'http://id.loc.gov/vocabulary/iso639-2/eng', 'prefLabel': 'Englisch'}]","[{'prefLabel': 'Artikel', '@id': 'http://purl.org/ontology/bibo/Article'}]"
frl:6472941,,"[{'@id': 'https://orcid.org/0000-0002-3734-1875', 'prefLabel': 'alipour, ahmad'}, {'@id': 'https://orcid.org/0000-0002-4751-7926', 'prefLabel': 'Marhamatizadeh , Mohammad Hossein  '}, {'@id': 'https://orcid.org/0000-0002-0152-3167', 'prefLabel': 'Mohammadi, Mehdi'}]","[{'@id': 'http://id.loc.gov/vocabulary/iso639-2/eng', 'prefLabel': 'Englisch'}]","[{'prefLabel': 'Artikel', '@id': 'http://purl.org/ontology/bibo/Article'}]"
frl:6472943,,"[{'@id': 'https://frl.publisso.de/adhoc/uri/WW91c3VmLCBSYXNpYQ==', 'prefLabel': 'Yousuf, Rasia'}, {'@id': 'https://orcid.org/0000-0002-2293-6198', 'prefLabel': 'Verma, Prof. (Dr) Pawan Kumar'}, {'@id': 'https://frl.publisso.de/adhoc/uri/U2hhcm1hLCBQcml5YW5rYQ==', 'prefLabel': 'Sharma, Priyanka'}, {'@id': 'https://frl.publisso.de/adhoc/uri/U29vZCwgU2hpbHBh', 'prefLabel': 'Sood, Shilpa'}, {'@id': 'https://orcid.org/0000-0002-9699-0656', 'prefLabel': 'Bhatti, Muhammad azher'}, {'@id': 'https://orcid.org/0000-0003-1563-0710', 'prefLabel': 'Bhat, Zuhaib'}]","[{'@id': 'http://id.loc.gov/vocabulary/iso639-2/eng', 'prefLabel': 'Englisch'}]","[{'prefLabel': 'Artikel', '@id': 'http://purl.org/ontology/bibo/Article'}]"
frl:6472945,,"[{'@id': 'https://orcid.org/0000-0002-4895-6023', 'prefLabel': 'Rezvankhah, Amir'}, {'@id': 'https://frl.publisso.de/adhoc/uri/WWFybWFuZCwgTW9oYW1tYWQgU2FlaWQ=', 'prefLabel': 'Yarmand, Mohammad Saeid'}, {'@id': 'https://frl.publisso.de/adhoc/uri/R2hhbmJhcnphZGVoLCBCYWJhaw==', 'prefLabel': 'Ghanbarzadeh, Babak'}, {'@id': 'https://frl.publisso.de/adhoc/uri/TWlyemFlZSwgSG9tYWlyYQ==', 'prefLabel': 'Mirzaee, Homaira'}]","[{'@id': 'http://id.loc.gov/vocabulary/iso639-2/eng', 'prefLabel': 'Englisch'}]","[{'prefLabel': 'Artikel', '@id': 'http://purl.org/ontology/bibo/Article'}]"
frl:6472947,,"[{'@id': 'https://frl.publisso.de/adhoc/uri/RHUsIEppbmh1aQ==', 'prefLabel': 'Du, Jinhui'}, {'@id': 'https://frl.publisso.de/adhoc/uri/TGl1LCBMaWt1bg==', 'prefLabel': 'Liu, Likun'}, {'@id': 'https://frl.publisso.de/adhoc/uri/RmFuLCBIYWlxaW5n', 'prefLabel': 'Fan, Haiqing'}, {'@id': 'https://frl.publisso.de/adhoc/uri/WXUsIFl1ZQ==', 'prefLabel': 'Yu, Yue'}, {'@id': 'https://frl.publisso.de/adhoc/uri/THVvLCBZaWxpbg==', 'prefLabel': 'Luo, Yilin'}, {'@id': 'https://frl.publisso.de/adhoc/uri/R3UsIEZhbmc=', 'prefLabel': 'Gu, Fang'}, {'@id': 'https://frl.publisso.de/adhoc/uri/WXUsIEh1aQ==', 'prefLabel': 'Yu, Hui'}, {'@id': 'https://orcid.org/0000-0003-4084-645X', 'prefLabel': 'xin, Liao'}]","[{'@id': 'http://id.loc.gov/vocabulary/iso639-2/eng', 'prefLabel': 'Englisch'}]","[{'prefLabel': 'Artikel', '@id': 'http://purl.org/ontology/bibo/Article'}]"
frl:6472949,,"[{'@id': 'https://orcid.org/0000-0002-5585-2177', 'prefLabel': 'Chen, Lin'}, {'@id': 'https://frl.publisso.de/adhoc/uri/TGksIFhpbg==', 'prefLabel': 'Li, Xin'}, {'@id': 'https://orcid.org/0000-0001-5394-6615', 'prefLabel': 'Gu, Qing'}]","[{'@id': 'http://id.loc.gov/vocabulary/iso639-2/eng', 'prefLabel': 'Englisch'}]","[{'prefLabel': 'Artikel', '@id': 'http://purl.org/ontology/bibo/Article'}]"
frl:6472951,,"[{'@id': 'https://frl.publisso.de/adhoc/uri/Q2hhbmF3YW5ubywgQ2h1dGhhbWFydA==', 'prefLabel': 'Chanawanno, Chuthamart'}, {'@id': 'https://frl.publisso.de/adhoc/uri/U29tcGVuLCBDaGV0Ym9kaW4=', 'prefLabel': 'Sompen, Chetbodin'}, {'@id': 'https://orcid.org/0000-0002-1068-4755', 'prefLabel': 'Satarpai, Thiphol'}]","[{'@id': 'http://id.loc.gov/vocabulary/iso639-2/eng', 'prefLabel': 'Englisch'}]","[{'prefLabel': 'Artikel', '@id': 'http://purl.org/ontology/bibo/Article'}]"
frl:6472953,,"[{'@id': 'https://frl.publisso.de/adhoc/uri/U2hpLCBaaGVueGlh', 'prefLabel': 'Shi, Zhenxia'}, {'@id': 'https://frl.publisso.de/adhoc/uri/S29uZywgR2FveXVhbg==', 'prefLabel': 'Kong, Gaoyuan'}, {'@id': 'https://orcid.org/0000-0002-3153-7834', 'prefLabel': 'Fangfang, Wang'}, {'@id': 'https://frl.publisso.de/adhoc/uri/R2FvLCBIdWk=', 'prefLabel': 'Gao, Hui'}, {'@id': 'https://frl.publisso.de/adhoc/uri/V2VpLCBBbnJhbg==', 'prefLabel': 'Wei, Anran'}, {'@id': 'https://frl.publisso.de/adhoc/uri/UmVuLCBTaXpodQ==', 'prefLabel': 'Ren, Sizhu'}, {'@id': 'https://frl.publisso.de/adhoc/uri/WWFuLCBYdW55b3U=', 'prefLabel': 'Yan, Xunyou'}]","[{'@id': 'http://id.loc.gov/vocabulary/iso639-2/eng', 'prefLabel': 'Englisch'}]","[{'prefLabel': 'Artikel', '@id': 'http://purl.org/ontology/bibo/Article'}]"
frl:6472955,,"[{'@id': 'https://frl.publisso.de/adhoc/uri/QXJhc3RlaCwgRmFlemVo', 'prefLabel': 'Arasteh, Faezeh'}, {'@id': 'https://orcid.org/0000-0001-6811-5566', 'prefLabel': 'Barzegar, Mohsen'}, {'@id': 'https://orcid.org/0000-0001-9103-2291', 'prefLabel': 'Ahmadi Gavlighi, Hassan'}]","[{'@id': 'http://id.loc.gov/vocabulary/iso639-2/eng', 'prefLabel': 'Englisch'}]","[{'prefLabel': 'Artikel', '@id': 'http://purl.org/ontology/bibo/Article'}]"
frl:6472957,,"[{'@id': 'https://frl.publisso.de/adhoc/uri/QmFraHNoaSwgQmVobmFt', 'prefLabel': 'Bakhshi, Behnam'}, {'@id': 'https://frl.publisso.de/adhoc/uri/QW1pcmkgT2doYW4sIEhhc3Nhbg==', 'prefLabel': 'Amiri Oghan, Hassan'}, {'@id': 'https://frl.publisso.de/adhoc/uri/UmFtZWVoLCBWYWxpb2xsYWg=', 'prefLabel': 'Rameeh, Valiollah'}, {'@id': 'https://frl.publisso.de/adhoc/uri/WmVpbmFsemFkZWggVGFicml6aSwgSG9zc2Vpbg==', 'prefLabel': 'Zeinalzadeh Tabrizi, Hossein'}, {'@id': 'https://frl.publisso.de/adhoc/uri/QXNrYXJpLCBBYmRvbGhvc3NlaW4=', 'prefLabel': 'Askari, Abdolhossein'}, {'@id': 'https://frl.publisso.de/adhoc/uri/RmFyYWppLCBBYm9sZmF6bA==', 'prefLabel': 'Faraji, Abolfazl'}, {'@id': 'https://frl.publisso.de/adhoc/uri/R2hvZHJhdGksIEdob2xhbXJlemE=', 'prefLabel': 'Ghodrati, Gholamreza'}, {'@id': 'https://frl.publisso.de/adhoc/uri/RmFuYWVpLCBIYW1pZCBSZXph', 'prefLabel': 'Fanaei, Hamid Reza'}, {'@id': 'https://frl.publisso.de/adhoc/uri/RGFuYWVpLCBBbWlyIEtob3Nybw==', 'prefLabel': 'Danaei, Amir Khosro'}, {'@id': 'https://frl.publisso.de/adhoc/uri/S2hhdG9vbiBLYXplcmFuaSwgTmFyamVz', 'prefLabel': 'Khatoon Kazerani, Narjes'}, {'@id': 'https://frl.publisso.de/adhoc/uri/UGF5Z2hhbXphZGVoLCBLYW1hbA==', 'prefLabel': 'Payghamzadeh, Kamal'}, {'@id': 'https://frl.publisso.de/adhoc/uri/S2lhbmksIERhdm9vZA==', 'prefLabel': 'Kiani, Davood'}, {'@id': 'https://frl.publisso.de/adhoc/uri/U2FkZWdoaSwgSG9zc2Vpbg==', 'prefLabel': 'Sadeghi, Hossein'}, {'@id': 'https://frl.publisso.de/adhoc/uri/U2hhcmlhdGksIEZhcm5heg==', 'prefLabel': 'Shariati, Farnaz'}, {'@id': 'https://frl.publisso.de/adhoc/uri/RGFsaWxpLCBBbGlyZXph', 'prefLabel': 'Dalili, Alireza'}, {'@id': 'https://frl.publisso.de/adhoc/uri/QWdoYWphbmkgTmFzYWIgQWZyb3V6aSwgTW9oYW1tYWQgQWxp', 'prefLabel': 'Aghajani Nasab Afrouzi, Mohammad Ali'}]","[{'@id': 'http://id.loc.gov/vocabulary/iso639-2/eng', 'prefLabel': 'Englisch'}]","[{'prefLabel': 'Artikel', '@id': 'http://purl.org/ontology/bibo/Article'}]"
frl:6472959,,"[{'@id': 'https://orcid.org/0000-0001-7520-0742', 'prefLabel': 'Zhang, Jiali'}, {'@id': 'https://frl.publisso.de/adhoc/uri/THVvLCBZaWhhbw==', 'prefLabel': 'Luo, Yihao'}, {'@id': 'https://frl.publisso.de/adhoc/uri/RmVuZywgU2hlbmdiYW8=', 'prefLabel': 'Feng, Shengbao'}, {'@id': 'https://frl.publisso.de/adhoc/uri/U3VuLCBXYW5jaGVuZw==', 'prefLabel': 'Sun, Wancheng'}, {'@id': 'https://frl.publisso.de/adhoc/uri/TGksIFNoYW53ZW4=', 'prefLabel': 'Li, Shanwen'}, {'@id': 'https://frl.publisso.de/adhoc/uri/S29uZywgTGluZ3d1', 'prefLabel': 'Kong, Lingwu'}]","[{'@id': 'http://id.loc.gov/vocabulary/iso639-2/eng', 'prefLabel': 'Englisch'}]","[{'prefLabel': 'Artikel', '@id': 'http://purl.org/ontology/bibo/Article'}]"
frl:6472963,,"[{'@id': 'https://orcid.org/0000-0003-2153-2527', 'prefLabel': 'Ochterbeck, Doris'}, {'@id': 'https://orcid.org/0000-0003-4896-3650', 'prefLabel': 'Frense, Jennifer'}, {'@id': 'https://orcid.org/0000-0002-7169-675X', 'prefLabel': 'Forberger, Sarah'}]","[{'@id': 'http://id.loc.gov/vocabulary/iso639-2/eng', 'prefLabel': 'Englisch'}]","[{'prefLabel': 'Artikel', '@id': 'http://purl.org/ontology/bibo/Article'}]"
frl:6472965,,"[{'@id': 'https://orcid.org/0000-0001-7647-6767', 'prefLabel': 'De Santis, Karina Karolina'}, {'@id': 'https://frl.publisso.de/adhoc/uri/SGVsbWVyLCBTdGVmYW5pZQ==', 'prefLabel': 'Helmer, Stefanie'}, {'@id': 'https://frl.publisso.de/adhoc/uri/QmFybmVzLCBCZW5qYW1pbg==', 'prefLabel': 'Barnes, Benjamin'}, {'@id': 'https://frl.publisso.de/adhoc/uri/S3JheXdpbmtlbCwgS2xhdXM=', 'prefLabel': 'Kraywinkel, Klaus'}, {'@id': 'https://frl.publisso.de/adhoc/uri/SW1ob2ZmLCBNYXJlbg==', 'prefLabel': 'Imhoff, Maren'}, {'@id': 'https://frl.publisso.de/adhoc/uri/TcO8bGxlci1FYmVyc3RlaW4sIFJveGFuYQ==', 'prefLabel': 'Müller-Eberstein, Roxana'}, {'@id': 'https://frl.publisso.de/adhoc/uri/S2lyc3RlaW4sIE1hdGhpYQ==', 'prefLabel': 'Kirstein, Mathia'}, {'@id': 'https://frl.publisso.de/adhoc/uri/UXVhdG1hbm4sIEFubmE=', 'prefLabel': 'Quatmann, Anna'}, {'@id': 'https://frl.publisso.de/adhoc/uri/U2lta2UsIEp1bGlh', 'prefLabel': 'Simke, Julia'}, {'@id': 'https://frl.publisso.de/adhoc/uri/U3RpZW5zLCBMaXNh', 'prefLabel': 'Stiens, Lisa'}, {'@id': 'https://orcid.org/0000-0002-7780-255X', 'prefLabel': 'Christianson, Lara'}, {'@id': 'https://orcid.org/0000-0001-7509-242X', 'prefLabel': 'Zeeb, Hajo'}]","[{'@id': 'http://id.loc.gov/vocabulary/iso639-2/eng', 'prefLabel': 'Englisch'}]","[{'prefLabel': 'Artikel', '@id': 'http://purl.org/ontology/bibo/Article'}]"
frl:6472967,,"[{'@id': 'https://orcid.org/0000-0003-0132-1108', 'prefLabel': 'Matz, Melissa'}, {'@id': 'https://frl.publisso.de/adhoc/uri/VmFsa292LCBNaWtoYWls', 'prefLabel': 'Valkov, Mikhail'}, {'@id': 'https://frl.publisso.de/adhoc/uri/U2VrZXJpamEsIE1hcmlv', 'prefLabel': 'Sekerija, Mario'}, {'@id': 'https://frl.publisso.de/adhoc/uri/THV0dG1hbm4sIFNhYmluZQ==', 'prefLabel': 'Luttmann, Sabine'}, {'@id': 'https://frl.publisso.de/adhoc/uri/Q2FsZGFyZWxsYSwgQWRlbGU=', 'prefLabel': 'Caldarella, Adele'}, {'@id': 'https://frl.publisso.de/adhoc/uri/Q29sZW1hbiwgTWljaGVsIFAu', 'prefLabel': 'Coleman, Michel P.'}, {'@id': 'https://frl.publisso.de/adhoc/uri/QWxsZW1hbmksIENsYXVkaWE=', 'prefLabel': 'Allemani, Claudia'}]","[{'@id': 'http://id.loc.gov/vocabulary/iso639-2/eng', 'prefLabel': 'Englisch'}]","[{'prefLabel': 'Artikel', '@id': 'http://purl.org/ontology/bibo/Article'}]"
frl:6472969,,"[{'@id': 'https://orcid.org/0000-0001-9004-1540', 'prefLabel': 'Börnhorst, Claudia'}, {'@id': 'https://orcid.org/0000-0001-7483-0726', 'prefLabel': 'Pigeot, Iris'}, {'@id': 'https://frl.publisso.de/adhoc/uri/RGUgSGVuYXV3LCBTdGVmYWFu', 'prefLabel': 'De Henauw, Stefaan'}, {'@id': 'https://frl.publisso.de/adhoc/uri/Rm9ybWlzYW5vLCBBbm5hcml0YQ==', 'prefLabel': 'Formisano, Annarita'}, {'@id': 'https://frl.publisso.de/adhoc/uri/TGlzc25lciwgTGF1cmVu', 'prefLabel': 'Lissner, Lauren'}, {'@id': 'https://frl.publisso.de/adhoc/uri/TW9sbsOhciwgRMOpbmVz', 'prefLabel': 'Molnár, Dénes'}, {'@id': 'https://frl.publisso.de/adhoc/uri/TW9yZW5vLCBMdWlzIEEu', 'prefLabel': 'Moreno, Luis A.'}, {'@id': 'https://frl.publisso.de/adhoc/uri/VG9ybmFyaXRpcywgTWljaGFlbA==', 'prefLabel': 'Tornaritis, Michael'}, {'@id': 'https://frl.publisso.de/adhoc/uri/VmVpZGViYXVtLCBUb29tYXM=', 'prefLabel': 'Veidebaum, Toomas'}, {'@id': 'https://frl.publisso.de/adhoc/uri/VnJpamtvdHRlLCBUYW5qYQ==', 'prefLabel': 'Vrijkotte, Tanja'}, {'@id': 'https://orcid.org/0000-0001-8587-7706', 'prefLabel': 'Didelez, Vanessa'}, {'@id': 'https://orcid.org/0000-0002-4943-2141', 'prefLabel': 'Wolters, Maike'}]","[{'@id': 'http://id.loc.gov/vocabulary/iso639-2/eng', 'prefLabel': 'Englisch'}]","[{'prefLabel': 'Artikel', '@id': 'http://purl.org/ontology/bibo/Article'}]"
frl:6472971,,"[{'@id': 'https://frl.publisso.de/adhoc/uri/UGhhbSwgVGh1LVRoaQ==', 'prefLabel': 'Pham, Thu-Thi'}, {'@id': 'https://frl.publisso.de/adhoc/uri/TmltcHRzY2gsIEthdGhhcmluYQ==', 'prefLabel': 'Nimptsch, Katharina'}, {'@id': 'https://frl.publisso.de/adhoc/uri/UGFwYWRpbWl0cmlvdSwgTmlrb3M=', 'prefLabel': 'Papadimitriou, Nikos'}, {'@id': 'https://orcid.org/0000-0002-1275-1827', 'prefLabel': 'Aleksandrova, Krasimira'}, {'@id': 'https://frl.publisso.de/adhoc/uri/SmVuYWIsIE1hemRh', 'prefLabel': 'Jenab, Mazda'}, {'@id': 'https://frl.publisso.de/adhoc/uri/R3VudGVyLCBNYXJjIEou', 'prefLabel': 'Gunter, Marc J.'}, {'@id': 'https://frl.publisso.de/adhoc/uri/TGUgTWFyY2hhbmQsIExvaWM=', 'prefLabel': 'Le Marchand, Loic'}, {'@id': 'https://frl.publisso.de/adhoc/uri/TGksIExp', 'prefLabel': 'Li, Li'}, {'@id': 'https://frl.publisso.de/adhoc/uri/THluY2gsIEJyaWdpZA==', 'prefLabel': 'Lynch, Brigid'}, {'@id': 'https://frl.publisso.de/adhoc/uri/Q2FzdGVsbHbDrS1CZWwsIFNlcmdp', 'prefLabel': 'Castellví-Bel, Sergi'}, {'@id': 'https://frl.publisso.de/adhoc/uri/UGhpcHBzLCBBbWFuZGEgSS4=', 'prefLabel': 'Phipps, Amanda I.'}, {'@id': 'https://frl.publisso.de/adhoc/uri/U2NobWl0LCBTdGVwaGFuaWUgTC4=', 'prefLabel': 'Schmit, Stephanie L.'}, {'@id': 'https://frl.publisso.de/adhoc/uri/QnJlbm5lciwgSGVybWFubg==', 'prefLabel': 'Brenner, Hermann'}, {'@id': 'https://frl.publisso.de/adhoc/uri/T2dpbm8sIFNodWpp', 'prefLabel': 'Ogino, Shuji'}, {'@id': 'https://frl.publisso.de/adhoc/uri/R2lvdmFubnVjY2ksIEVkd2FyZA==', 'prefLabel': 'Giovannucci, Edward'}, {'@id': 'https://frl.publisso.de/adhoc/uri/UGlzY2hvbiwgVG9iaWFz', 'prefLabel': 'Pischon, Tobias'}]","[{'@id': 'http://id.loc.gov/vocabulary/iso639-2/eng', 'prefLabel': 'Englisch'}]","[{'prefLabel': 'Artikel', '@id': 'http://purl.org/ontology/bibo/Article'}]"
frl:6472977,['99373515779406441'],"[{'prefLabel': 'Ebertseder, Florian', '@id': 'https://frl.publisso.de/adhoc/author/Ebertseder, Florian'}, {'prefLabel': 'Treisch, Melanie', '@id': 'https://frl.publisso.de/adhoc/author/Treisch, Melanie'}, {'prefLabel': 'Burmeister, Johannes', '@id': 'https://frl.publisso.de/adhoc/author/Burmeister, Johannes'}, {'prefLabel': 'Bayerische Landesanstalt für Landwirtschaft', '@id': 'https://d-nb.info/gnd/10052763-2'}]","[{'@id': 'http://id.loc.gov/vocabulary/iso639-2/ger', 'label': 'Deutsch', 'prefLabel': 'Deutsch'}]","[{'prefLabel': 'Monografie', '@id': 'http://purl.org/ontology/bibo/Book'}]"
frl:6472979,['99373515774006441'],"[{'prefLabel': 'Bayerische Landesanstalt für Landwirtschaft', '@id': 'https://d-nb.info/gnd/10052763-2'}, {'prefLabel': 'Institut für Tierernährung und Futterwirtschaft', '@id': 'https://d-nb.info/gnd/16032570-5'}]","[{'@id': 'http://id.loc.gov/vocabulary/iso639-2/ger', 'label': 'Deutsch', 'prefLabel': 'Deutsch'}]","[{'prefLabel': 'Monografie', '@id': 'http://purl.org/ontology/bibo/Book'}, {'prefLabel': 'Report', '@id': 'http://purl.org/ontology/bibo/Report'}]"
frl:6472981,['99373515774906441'],"[{'prefLabel': 'Knörferl, Robert', '@id': 'https://frl.publisso.de/adhoc/author/Knörferl, Robert'}, {'prefLabel': 'Weidner, Hubert', '@id': 'https://frl.publisso.de/adhoc/author/Weidner, Hubert'}, {'prefLabel': 'Bayerische Landesanstalt für Landwirtschaft', '@id': 'https://d-nb.info/gnd/10052763-2'}]","[{'@id': 'http://id.loc.gov/vocabulary/iso639-2/ger', 'label': 'Deutsch', 'prefLabel': 'Deutsch'}]","[{'prefLabel': 'Monografie', '@id': 'http://purl.org/ontology/bibo/Book'}, {'prefLabel': 'Report', '@id': 'http://purl.org/ontology/bibo/Report'}]"
frl:6472983,['99373515778406441'],"[{'prefLabel': 'Ebert, Titus', '@id': 'https://frl.publisso.de/adhoc/author/Ebert, Titus'}, {'prefLabel': 'Müller, Christa', '@id': 'https://frl.publisso.de/adhoc/author/Müller, Christa'}, {'prefLabel': 'Burmeister, Johannes', '@id': 'https://frl.publisso.de/adhoc/author/Burmeister, Johannes'}, {'prefLabel': 'Bayerische Landesanstalt für Landwirtschaft', '@id': 'https://d-nb.info/gnd/10052763-2'}]","[{'@id': 'http://id.loc.gov/vocabulary/iso639-2/ger', 'label': 'Deutsch', 'prefLabel': 'Deutsch'}]","[{'prefLabel': 'Monografie', '@id': 'http://purl.org/ontology/bibo/Book'}]"
frl:6472987,['99373515744406441'],"[{'prefLabel': 'Niehaus, Susanna', '@id': 'https://d-nb.info/gnd/122734785'}, {'prefLabel': 'Pisoni, Delia', '@id': 'https://d-nb.info/gnd/1317159187'}, {'prefLabel': 'Schmidt, Alexander F.', '@id': 'https://d-nb.info/gnd/124659756'}, {'prefLabel': 'Schweiz. Bundesamt für Sozialversicherungen', '@id': 'https://d-nb.info/gnd/2027532-8'}]","[{'@id': 'http://id.loc.gov/vocabulary/iso639-2/ger', 'label': 'Deutsch', 'prefLabel': 'Deutsch'}]","[{'prefLabel': 'Monografie', '@id': 'http://purl.org/ontology/bibo/Book'}, {'prefLabel': 'Report', '@id': 'http://purl.org/ontology/bibo/Report'}]"
frl:6472991,['99373515729606441'],"[{'prefLabel': 'Dössel, Olaf', '@id': 'https://d-nb.info/gnd/138523940'}, {'prefLabel': 'Lenarz, Thomas', '@id': 'https://d-nb.info/gnd/115541829'}, {'prefLabel': 'Deutsche Akademie der Technikwissenschaften', '@id': 'https://d-nb.info/gnd/10344267-4'}]","[{'@id': 'http://id.loc.gov/vocabulary/iso639-2/eng', 'label': 'Englisch', 'prefLabel': 'Englisch'}]","[{'prefLabel': 'Monografie', '@id': 'http://purl.org/ontology/bibo/Book'}]"
frl:6472997,,"[{'@id': 'https://orcid.org/0000-0001-8004-4940', 'prefLabel': 'Jansen, Lina'}, {'@id': 'https://frl.publisso.de/adhoc/uri/U2Nod2V0dG1hbm4sIExhcnM=', 'prefLabel': 'Schwettmann, Lars'}, {'@id': 'https://frl.publisso.de/adhoc/uri/QmVociwgQ2hyaXN0aWFu', 'prefLabel': 'Behr, Christian'}, {'@id': 'https://frl.publisso.de/adhoc/uri/RWJlcmxlLCBBbmRyZWE=', 'prefLabel': 'Eberle, Andrea'}, {'@id': 'https://frl.publisso.de/adhoc/uri/SG9sbGVjemVrLCBCZXJuZA==', 'prefLabel': 'Holleczek, Bernd'}, {'@id': 'https://frl.publisso.de/adhoc/uri/SnVzdGVuaG92ZW4sIENocmlzdGluYQ==', 'prefLabel': 'Justenhoven, Christina'}, {'@id': 'https://frl.publisso.de/adhoc/uri/S2Fqw7x0ZXIsIEhpbHRyYXVk', 'prefLabel': 'Kajüter, Hiltraud'}, {'@id': 'https://frl.publisso.de/adhoc/uri/TWFueiwgS3Jpc3Rpbg==', 'prefLabel': 'Manz, Kristin'}, {'@id': 'https://frl.publisso.de/adhoc/uri/UGV0ZXJzLCBGcmVkZXJpaw==', 'prefLabel': 'Peters, Frederik'}, {'@id': 'https://frl.publisso.de/adhoc/uri/UHJpdHprdWxlaXQsIFJvbg==', 'prefLabel': 'Pritzkuleit, Ron'}, {'@id': 'https://frl.publisso.de/adhoc/uri/U2NobWlkdC1Qb2tyenl3bmlhaywgQW5kcmVh', 'prefLabel': 'Schmidt-Pokrzywniak, Andrea'}, {'@id': 'https://orcid.org/0000-0003-3278-8421', 'prefLabel': 'Sirri, Eunice'}, {'@id': 'https://frl.publisso.de/adhoc/uri/VGV0emxhZmYsIEZhYmlhbg==', 'prefLabel': 'Tetzlaff, Fabian'}, {'@id': 'https://orcid.org/0000-0003-3808-9605', 'prefLabel': 'Voigtländer, Sven'}, {'@id': 'https://frl.publisso.de/adhoc/uri/QXJuZHQsIFZvbGtlcg==', 'prefLabel': 'Arndt, Volker'}]","[{'@id': 'http://id.loc.gov/vocabulary/iso639-2/eng', 'prefLabel': 'Englisch'}]","[{'prefLabel': 'Artikel', '@id': 'http://purl.org/ontology/bibo/Article'}]"
frl:6473001,['99371875373106441'],"[{'prefLabel': 'Hartleb, Uta', '@id': 'https://frl.publisso.de/adhoc/author/Hartleb, Uta'}, {'prefLabel': 'Preuß, Wolfgang', '@id': 'https://frl.publisso.de/adhoc/author/Preuß, Wolfgang'}, {'prefLabel': 'Bundesverband Deutscher Gartenfreunde', '@id': 'https://d-nb.info/gnd/54257-X'}]","[{'@id': 'http://id.loc.gov/vocabulary/iso639-2/ger', 'label': 'Deutsch', 'prefLabel': 'Deutsch'}]","[{'prefLabel': 'Kongressschrift', '@id': 'http://purl.org/ontology/bibo/Proceedings'}, {'prefLabel': 'Monografie', '@id': 'http://purl.org/ontology/bibo/Book'}, {'prefLabel': 'Report', '@id': 'http://purl.org/ontology/bibo/Report'}]"
frl:6473003,['99373515719206441'],"[{'prefLabel': 'Deutschland. Bundesministerium für Wirtschaftliche Zusammenarbeit und Entwicklung', '@id': 'https://d-nb.info/gnd/2129514-1'}]","[{'@id': 'http://id.loc.gov/vocabulary/iso639-2/ger', 'label': 'Deutsch', 'prefLabel': 'Deutsch'}]","[{'prefLabel': 'Monografie', '@id': 'http://purl.org/ontology/bibo/Book'}]"
frl:6473005,['99373314446206441'],"[{'prefLabel': 'Hartleb, Uta', '@id': 'https://frl.publisso.de/adhoc/author/Hartleb, Uta'}, {'prefLabel': 'Bundesverband Deutscher Gartenfreunde', '@id': 'https://d-nb.info/gnd/54257-X'}]","[{'@id': 'http://id.loc.gov/vocabulary/iso639-2/ger', 'label': 'Deutsch', 'prefLabel': 'Deutsch'}]","[{'prefLabel': 'Kongressschrift', '@id': 'http://purl.org/ontology/bibo/Proceedings'}, {'prefLabel': 'Reihe', '@id': 'http://purl.org/ontology/bibo/Series'}]"
frl:6473010,,"[{'@id': 'https://orcid.org/0000-0002-9462-8661', 'prefLabel': 'Dörks, Michael'}, {'@id': 'https://frl.publisso.de/adhoc/uri/QmFjaG1hbm4sIENocmlzdGlhbiBKLg==', 'prefLabel': 'Bachmann, Christian J.'}, {'@id': 'https://frl.publisso.de/adhoc/uri/QmVsb3csIE1haWtl', 'prefLabel': 'Below, Maike'}, {'@id': 'https://frl.publisso.de/adhoc/uri/SG9mZm1hbm4sIEZhbGs=', 'prefLabel': 'Hoffmann, Falk'}, {'@id': 'https://frl.publisso.de/adhoc/uri/UGFzY2hrZSwgTGVuYSBNLg==', 'prefLabel': 'Paschke, Lena M.'}, {'@id': 'https://orcid.org/0000-0002-2633-6587', 'prefLabel': 'Scholle, Oliver'}]","[{'@id': 'http://id.loc.gov/vocabulary/iso639-2/eng', 'prefLabel': 'Englisch'}]","[{'prefLabel': 'Artikel', '@id': 'http://purl.org/ontology/bibo/Article'}]"
frl:6473014,['99373515697706441'],"[{'prefLabel': 'Pro Generika e.V.', '@id': 'https://d-nb.info/gnd/16090896-6'}]","[{'@id': 'http://id.loc.gov/vocabulary/iso639-2/ger', 'label': 'Deutsch', 'prefLabel': 'Deutsch'}]","[{'prefLabel': 'Statistiken', '@id': 'http://purl.org/lobid/lv#Statistics'}, {'prefLabel': 'Monografie', '@id': 'http://purl.org/ontology/bibo/Book'}]"
frl:6473016,['99373515683906441'],"[{'prefLabel': 'Pro Generika e.V.', '@id': 'https://d-nb.info/gnd/16090896-6'}]","[{'@id': 'http://id.loc.gov/vocabulary/iso639-2/ger', 'label': 'Deutsch', 'prefLabel': 'Deutsch'}]","[{'prefLabel': 'Statistiken', '@id': 'http://purl.org/lobid/lv#Statistics'}, {'prefLabel': 'Monografie', '@id': 'http://purl.org/ontology/bibo/Book'}]"
frl:6473018,['99373515683506441'],"[{'prefLabel': 'Pro Generika e.V.', '@id': 'https://d-nb.info/gnd/16090896-6'}]","[{'@id': 'http://id.loc.gov/vocabulary/iso639-2/ger', 'label': 'Deutsch', 'prefLabel': 'Deutsch'}]","[{'prefLabel': 'Statistiken', '@id': 'http://purl.org/lobid/lv#Statistics'}, {'prefLabel': 'Monografie', '@id': 'http://purl.org/ontology/bibo/Book'}]"
frl:6473020,['99373515682206441'],"[{'prefLabel': 'Pro Generika e.V.', '@id': 'https://d-nb.info/gnd/16090896-6'}]","[{'@id': 'http://id.loc.gov/vocabulary/iso639-2/ger', 'label': 'Deutsch', 'prefLabel': 'Deutsch'}]","[{'prefLabel': 'Statistiken', '@id': 'http://purl.org/lobid/lv#Statistics'}, {'prefLabel': 'Monografie', '@id': 'http://purl.org/ontology/bibo/Book'}]"
frl:6473022,['99373515681406441'],"[{'prefLabel': 'Pro Generika e.V.', '@id': 'https://d-nb.info/gnd/16090896-6'}]","[{'@id': 'http://id.loc.gov/vocabulary/iso639-2/ger', 'label': 'Deutsch', 'prefLabel': 'Deutsch'}]","[{'prefLabel': 'Statistiken', '@id': 'http://purl.org/lobid/lv#Statistics'}, {'prefLabel': 'Monografie', '@id': 'http://purl.org/ontology/bibo/Book'}]"
frl:6473023,['99373520278306441'],"[{'prefLabel': 'Ärztliches Zentrum für Qualität in der Medizin (Berlin)', '@id': 'https://d-nb.info/gnd/10111301-8'}]","[{'@id': 'http://id.loc.gov/vocabulary/iso639-2/ger', 'label': 'Deutsch', 'prefLabel': 'Deutsch'}]","[{'prefLabel': 'Monografie', '@id': 'http://purl.org/ontology/bibo/Book'}]"
frl:6473026,['99373073969606441'],"[{'prefLabel': 'Deutscher Ethikrat', '@id': 'https://d-nb.info/gnd/16007439-3'}]","[{'@id': 'http://id.loc.gov/vocabulary/iso639-2/eng', 'label': 'Englisch', 'prefLabel': 'Englisch'}]","[{'prefLabel': 'Monografie', '@id': 'http://purl.org/ontology/bibo/Book'}]"
frl:6473028,['99373073969006441'],"[{'prefLabel': 'Deutscher Ethikrat', '@id': 'https://d-nb.info/gnd/16007439-3'}]","[{'@id': 'http://id.loc.gov/vocabulary/iso639-2/eng', 'label': 'Englisch', 'prefLabel': 'Englisch'}]","[{'prefLabel': 'Monografie', '@id': 'http://purl.org/ontology/bibo/Book'}]"
frl:6473030,['99373268342706441'],"[{'prefLabel': 'Deutscher Ethikrat', '@id': 'https://d-nb.info/gnd/16007439-3'}]","[{'@id': 'http://id.loc.gov/vocabulary/iso639-2/eng', 'label': 'Englisch', 'prefLabel': 'Englisch'}]","[{'prefLabel': 'Monografie', '@id': 'http://purl.org/ontology/bibo/Book'}]"
frl:6473032,,"[{'@id': 'https://frl.publisso.de/adhoc/uri/U3dhcnQsIEthcmlu', 'prefLabel': 'Swart, Karin'}, {'@id': 'https://frl.publisso.de/adhoc/uri/QmFhaywgQnJlbmRhIE4u', 'prefLabel': 'Baak, Brenda N.'}, {'@id': 'https://frl.publisso.de/adhoc/uri/TGVtbWVucywgTG91aXNl', 'prefLabel': 'Lemmens, Louise'}, {'@id': 'https://frl.publisso.de/adhoc/uri/UGVubmluZy12YW4gQmVlc3QsIEZlcm5pZSBKLiBBLg==', 'prefLabel': 'Penning-van Beest, Fernie J. A.'}, {'@id': 'https://frl.publisso.de/adhoc/uri/QmVuZ3Rzc29uLCBDYW1pbGxh', 'prefLabel': 'Bengtsson, Camilla'}, {'@id': 'https://frl.publisso.de/adhoc/uri/TG9iaWVyLCBNdXJpZWw=', 'prefLabel': 'Lobier, Muriel'}, {'@id': 'https://frl.publisso.de/adhoc/uri/SG90aSwgRmFiaWFu', 'prefLabel': 'Hoti, Fabian'}, {'@id': 'https://frl.publisso.de/adhoc/uri/Vm9qaW5vdmljLCBEaW5h', 'prefLabel': 'Vojinovic, Dina'}, {'@id': 'https://frl.publisso.de/adhoc/uri/dmFuIEJ1cmssIExpbmR5', 'prefLabel': 'van Burk, Lindy'}, {'@id': 'https://frl.publisso.de/adhoc/uri/UmhvZGVzLCBLaXJzdHk=', 'prefLabel': 'Rhodes, Kirsty'}, {'@id': 'https://frl.publisso.de/adhoc/uri/R2FyYmUsIEVkZWx0cmF1dA==', 'prefLabel': 'Garbe, Edeltraut'}, {'@id': 'https://frl.publisso.de/adhoc/uri/SGVyaW5ncywgUm9u', 'prefLabel': 'Herings, Ron'}, {'@id': 'https://frl.publisso.de/adhoc/uri/Tm9yZG9uLCBDbGVtZW50aW5l', 'prefLabel': 'Nordon, Clementine'}, {'@id': 'https://frl.publisso.de/adhoc/uri/U2ltb25zLCBTYW1pIE8u', 'prefLabel': 'Simons, Sami O.'}]","[{'@id': 'http://id.loc.gov/vocabulary/iso639-2/eng', 'prefLabel': 'Englisch'}]","[{'prefLabel': 'Artikel', '@id': 'http://purl.org/ontology/bibo/Article'}]"
frl:6473034,['99373268342306441'],"[{'prefLabel': 'Deutscher Ethikrat', '@id': 'https://d-nb.info/gnd/16007439-3'}]","[{'@id': 'http://id.loc.gov/vocabulary/iso639-2/fre', 'label': 'Französisch', 'prefLabel': 'Französisch'}]","[{'prefLabel': 'Monografie', '@id': 'http://purl.org/ontology/bibo/Book'}]"
frl:6473036,['99373268338506441'],"[{'prefLabel': 'Deutscher Ethikrat', '@id': 'https://d-nb.info/gnd/16007439-3'}]","[{'@id': 'http://id.loc.gov/vocabulary/iso639-2/fre', 'label': 'Französisch', 'prefLabel': 'Französisch'}]","[{'prefLabel': 'Monografie', '@id': 'http://purl.org/ontology/bibo/Book'}]"
frl:6473040,,"[{'@id': 'https://orcid.org/0000-0002-8613-1866', 'prefLabel': 'shahrampour, dina'}, {'@id': 'https://orcid.org/0000-0003-2450-6623', 'prefLabel': 'Razavi, Seyed M.A.'}]","[{'@id': 'http://id.loc.gov/vocabulary/iso639-2/eng', 'prefLabel': 'Englisch'}]","[{'prefLabel': 'Artikel', '@id': 'http://purl.org/ontology/bibo/Article'}]"
frl:6473042,,"[{'@id': 'https://frl.publisso.de/adhoc/uri/Sm9uc3NvbiwgS2VuaXNoYSBSdXNzZWxs', 'prefLabel': 'Jonsson, Kenisha Russell'}, {'@id': 'https://frl.publisso.de/adhoc/uri/Q29yZWxsLCBNYXJpYQ==', 'prefLabel': 'Corell, Maria'}, {'@id': 'https://frl.publisso.de/adhoc/uri/TG9mc3RlZHQsIFBldHJh', 'prefLabel': 'Lofstedt, Petra'}, {'@id': 'https://frl.publisso.de/adhoc/uri/QWRqZWksIE5pY2hvbGFz', 'prefLabel': 'Adjei, Nicholas'}]","[{'@id': 'http://id.loc.gov/vocabulary/iso639-2/eng', 'prefLabel': 'Englisch'}]","[{'prefLabel': 'Artikel', '@id': 'http://purl.org/ontology/bibo/Article'}]"
frl:6473044,,"[{'@id': 'https://frl.publisso.de/adhoc/uri/TGl1LCBZdXRpbmc=', 'prefLabel': 'Liu, Yuting'}, {'@id': 'https://frl.publisso.de/adhoc/uri/V2FuZywgS2VmYW4=', 'prefLabel': 'Wang, Kefan'}, {'@id': 'https://frl.publisso.de/adhoc/uri/WWFuZywgU2h1b2ZlaQ==', 'prefLabel': 'Yang, Shuofei'}, {'@id': 'https://frl.publisso.de/adhoc/uri/WHVlLCBHdWFuaHVh', 'prefLabel': 'Xue, Guanhua'}, {'@id': 'https://orcid.org/0000-0002-2544-966X', 'prefLabel': 'lu, liming'}]","[{'@id': 'http://id.loc.gov/vocabulary/iso639-2/eng', 'prefLabel': 'Englisch'}]","[{'prefLabel': 'Artikel', '@id': 'http://purl.org/ontology/bibo/Article'}]"
frl:6473046,,"[{'@id': 'https://frl.publisso.de/adhoc/uri/RGVsbG8gUnVzc28sIE1hcmlrYQ==', 'prefLabel': 'Dello Russo, Marika'}, {'@id': 'https://frl.publisso.de/adhoc/uri/Rm9ybWlzYW5vLCBBbm5hcml0YQ==', 'prefLabel': 'Formisano, Annarita'}, {'@id': 'https://orcid.org/0000-0002-1663-1582', 'prefLabel': 'Lauria, Fabio'}, {'@id': 'https://orcid.org/0000-0003-3777-570X', 'prefLabel': 'Ahrens, Wolfgang'}, {'@id': 'https://orcid.org/0000-0003-4316-2619', 'prefLabel': 'Bogl, Leonie-Helen'}, {'@id': 'https://orcid.org/0000-0002-4397-3721', 'prefLabel': 'Eiben, Gabriele'}, {'@id': 'https://frl.publisso.de/adhoc/uri/RGUgSGVuYXV3LCBTdGVmYWFu', 'prefLabel': 'De Henauw, Stefaan'}, {'@id': 'https://orcid.org/0000-0001-7354-5958', 'prefLabel': 'Hebestreit, Antje'}, {'@id': 'https://orcid.org/0000-0001-7836-3643', 'prefLabel': 'Intemann, Timm'}, {'@id': 'https://frl.publisso.de/adhoc/uri/SHVuc2JlcmdlciwgTW9uaWNh', 'prefLabel': 'Hunsberger, Monica'}, {'@id': 'https://frl.publisso.de/adhoc/uri/TGlzc25lciwgTGF1cmVu', 'prefLabel': 'Lissner, Lauren'}, {'@id': 'https://orcid.org/0000-0002-3675-7019', 'prefLabel': 'Molnar, Denes'}, {'@id': 'https://orcid.org/0000-0001-5438-970X', 'prefLabel': 'Pala, Valeria'}, {'@id': 'https://orcid.org/0000-0002-1666-6793', 'prefLabel': 'Papoutsou, Stalo'}, {'@id': 'https://orcid.org/0000-0002-0303-7912', 'prefLabel': 'Santaliestra-Pasías, Alba M'}, {'@id': 'https://orcid.org/0000-0001-7659-8924', 'prefLabel': 'Veidebaum, Toomas'}, {'@id': 'https://orcid.org/0000-0002-4943-2141', 'prefLabel': 'Wolters, Maike'}, {'@id': 'https://orcid.org/0000-0002-9797-2943', 'prefLabel': 'Siani, Alfonso'}, {'@id': 'https://frl.publisso.de/adhoc/uri/UnVzc28sIFBhb2xh', 'prefLabel': 'Russo, Paola'}]","[{'@id': 'http://id.loc.gov/vocabulary/iso639-2/eng', 'prefLabel': 'Englisch'}]","[{'prefLabel': 'Artikel', '@id': 'http://purl.org/ontology/bibo/Article'}]"
frl:6473048,,"[{'@id': 'https://orcid.org/0000-0002-7934-0256', 'prefLabel': 'Matthias, Katja'}, {'@id': 'https://orcid.org/0000-0001-8277-4197', 'prefLabel': 'Honekamp, Ivonne'}, {'@id': 'https://orcid.org/0009-0003-6425-347X', 'prefLabel': 'Heinrich , Monique '}, {'@id': 'https://orcid.org/0000-0001-7647-6767', 'prefLabel': 'De Santis, Karina Karolina'}]","[{'@id': 'http://id.loc.gov/vocabulary/iso639-2/eng', 'prefLabel': 'Englisch'}]","[{'prefLabel': 'Artikel', '@id': 'http://purl.org/ontology/bibo/Article'}]"
frl:6473050,,"[{'@id': 'https://frl.publisso.de/adhoc/uri/SmlhbmcsIFhpbnlp', 'prefLabel': 'Jiang, Xinyi'}, {'@id': 'https://frl.publisso.de/adhoc/uri/THUsIENp', 'prefLabel': 'Lu, Ci'}, {'@id': 'https://frl.publisso.de/adhoc/uri/SHUsIFJ1bm1lbmc=', 'prefLabel': 'Hu, Runmeng'}, {'@id': 'https://frl.publisso.de/adhoc/uri/U2hpLCBXZW55YW5n', 'prefLabel': 'Shi, Wenyang'}, {'@id': 'https://frl.publisso.de/adhoc/uri/WmhvdSwgTGliYW5n', 'prefLabel': 'Zhou, Libang'}, {'@id': 'https://frl.publisso.de/adhoc/uri/V2VuLCBQdXpoYW8=', 'prefLabel': 'Wen, Puzhao'}, {'@id': 'https://frl.publisso.de/adhoc/uri/SmlhbmcsIFlpemhvdQ==', 'prefLabel': 'Jiang, Yizhou'}, {'@id': 'https://orcid.org/0000-0002-6032-5670', 'prefLabel': 'Lo, Yangming'}]","[{'@id': 'http://id.loc.gov/vocabulary/iso639-2/eng', 'prefLabel': 'Englisch'}]","[{'prefLabel': 'Artikel', '@id': 'http://purl.org/ontology/bibo/Article'}]"
frl:6473052,,"[{'@id': 'https://orcid.org/0000-0002-6229-1064', 'prefLabel': 'You, Wenpeng'}, {'@id': 'https://frl.publisso.de/adhoc/uri/RmVuZywgU2h1aHVhbg==', 'prefLabel': 'Feng, Shuhuan'}, {'@id': 'https://frl.publisso.de/adhoc/uri/RG9ubmVsbHksIEZyYW5r', 'prefLabel': 'Donnelly, Frank'}]","[{'@id': 'http://id.loc.gov/vocabulary/iso639-2/eng', 'prefLabel': 'Englisch'}]","[{'prefLabel': 'Artikel', '@id': 'http://purl.org/ontology/bibo/Article'}]"
frl:6473054,['99373520257106441'],"[{'prefLabel': 'Marquis, Jean-François', '@id': 'https://frl.publisso.de/adhoc/author/Marquis, Jean-François'}, {'prefLabel': 'Schweiz. Bundesamt für Statistik', '@id': 'https://d-nb.info/gnd/2055388-2'}]","[{'@id': 'http://id.loc.gov/vocabulary/iso639-2/ger', 'label': 'Deutsch', 'prefLabel': 'Deutsch'}]","[{'prefLabel': 'Statistiken', '@id': 'http://purl.org/lobid/lv#Statistics'}, {'prefLabel': 'Monografie', '@id': 'http://purl.org/ontology/bibo/Book'}]"
frl:6473056,['99373520251806441'],"[{'prefLabel': 'Schweiz. Bundesamt für Statistik', '@id': 'https://d-nb.info/gnd/2055388-2'}]","[{'@id': 'http://id.loc.gov/vocabulary/iso639-2/ger', 'label': 'Deutsch', 'prefLabel': 'Deutsch'}]","[{'prefLabel': 'Monografie', '@id': 'http://purl.org/ontology/bibo/Book'}]"
frl:6473058,['99373522580906441'],"[{'prefLabel': 'Schweiz. Bundesamt für Statistik', '@id': 'https://d-nb.info/gnd/2055388-2'}]","[{'@id': 'http://id.loc.gov/vocabulary/iso639-2/ger', 'label': 'Deutsch', 'prefLabel': 'Deutsch'}]","[{'prefLabel': 'Monografie', '@id': 'http://purl.org/ontology/bibo/Book'}]"
frl:6473062,['99373522574406441'],"[{'prefLabel': 'Schweiz. Bundesamt für Statistik', '@id': 'https://d-nb.info/gnd/2055388-2'}]","[{'@id': 'http://id.loc.gov/vocabulary/iso639-2/ger', 'label': 'Deutsch', 'prefLabel': 'Deutsch'}]","[{'prefLabel': 'Monografie', '@id': 'http://purl.org/ontology/bibo/Book'}]"
frl:6473064,['99373522573706441'],"[{'prefLabel': 'Schweiz. Bundesamt für Statistik', '@id': 'https://d-nb.info/gnd/2055388-2'}]","[{'@id': 'http://id.loc.gov/vocabulary/iso639-2/ger', 'label': 'Deutsch', 'prefLabel': 'Deutsch'}]","[{'prefLabel': 'Monografie', '@id': 'http://purl.org/ontology/bibo/Book'}]"
frl:6473066,['99373522573506441'],"[{'prefLabel': 'Schweiz. Bundesamt für Statistik', '@id': 'https://d-nb.info/gnd/2055388-2'}]","[{'@id': 'http://id.loc.gov/vocabulary/iso639-2/ger', 'label': 'Deutsch', 'prefLabel': 'Deutsch'}]","[{'prefLabel': 'Monografie', '@id': 'http://purl.org/ontology/bibo/Book'}]"
frl:6473069,,"[{'@id': 'https://orcid.org/0000-0003-3987-2140', 'prefLabel': 'Lux, Tanja'}, {'@id': 'https://frl.publisso.de/adhoc/uri/U3BpbGxtYW5uLCBGcmF1a2U=', 'prefLabel': 'Spillmann, Frauke'}, {'@id': 'https://frl.publisso.de/adhoc/uri/UmVpbW9sZCwgRnJlZGVyaWtl', 'prefLabel': 'Reimold, Frederike'}, {'@id': 'https://frl.publisso.de/adhoc/uri/RXJkw7ZzLCBBZGFt', 'prefLabel': 'Erdös, Adam'}, {'@id': 'https://frl.publisso.de/adhoc/uri/TG9jaG55LCBBbm5la2F0aHJpbg==', 'prefLabel': 'Lochny, Annekathrin'}, {'@id': 'https://frl.publisso.de/adhoc/uri/RmzDtnRlciwgRWNraGFyZA==', 'prefLabel': 'Flöter, Eckhard'}]","[{'@id': 'http://id.loc.gov/vocabulary/iso639-2/eng', 'prefLabel': 'Englisch'}]","[{'prefLabel': 'Artikel', '@id': 'http://purl.org/ontology/bibo/Article'}]"
frl:6473068,['99373522571606441'],"[{'prefLabel': 'Schweiz. Bundesamt für Statistik', '@id': 'https://d-nb.info/gnd/2055388-2'}]","[{'@id': 'http://id.loc.gov/vocabulary/iso639-2/ger', 'label': 'Deutsch', 'prefLabel': 'Deutsch'}]","[{'prefLabel': 'Monografie', '@id': 'http://purl.org/ontology/bibo/Book'}]"
frl:6473071,,"[{'@id': 'https://orcid.org/0000-0001-6667-2940', 'prefLabel': 'Nayi, Pratik'}, {'@id': 'https://orcid.org/0000-0003-3709-0823', 'prefLabel': 'Kumar, Navneet'}, {'@id': 'https://frl.publisso.de/adhoc/uri/S2FjaGNoYWRpeWEsIFNhZ2Fy', 'prefLabel': 'Kachchadiya, Sagar'}, {'@id': 'https://orcid.org/0000-0002-2756-0804', 'prefLabel': 'Chen, Ho-Hsien'}, {'@id': 'https://frl.publisso.de/adhoc/uri/U2luZ2gsIFB1bml0', 'prefLabel': 'Singh, Punit'}, {'@id': 'https://orcid.org/0000-0001-9738-9267', 'prefLabel': 'Shrestha, Pratiksha'}, {'@id': 'https://orcid.org/0000-0003-0996-8328', 'prefLabel': 'Pandiselvam, Ravi'}]","[{'@id': 'http://id.loc.gov/vocabulary/iso639-2/eng', 'prefLabel': 'Englisch'}]","[{'prefLabel': 'Artikel', '@id': 'http://purl.org/ontology/bibo/Article'}]"
frl:6473074,,"[{'@id': 'https://orcid.org/0000-0003-3055-2335', 'prefLabel': 'Miao, Qingzhen'}, {'@id': 'https://frl.publisso.de/adhoc/uri/RGluZywgV2Vu', 'prefLabel': 'Ding, Wen'}, {'@id': 'https://frl.publisso.de/adhoc/uri/QmFvLCBYaXVsaQ==', 'prefLabel': 'Bao, Xiuli'}, {'@id': 'https://frl.publisso.de/adhoc/uri/V2FuZywgU2l5dWFu', 'prefLabel': 'Wang, Siyuan'}, {'@id': 'https://frl.publisso.de/adhoc/uri/TGluLCBRaWFucnU=', 'prefLabel': 'Lin, Qianru'}, {'@id': 'https://frl.publisso.de/adhoc/uri/WHUsIFlpbmd5aW5n', 'prefLabel': 'Xu, Yingying'}, {'@id': 'https://frl.publisso.de/adhoc/uri/THUsIEppbmc=', 'prefLabel': 'Lu, Jing'}, {'@id': 'https://frl.publisso.de/adhoc/uri/THl1LCBNaW5nc2hlbmc=', 'prefLabel': 'Lyu, Mingsheng'}, {'@id': 'https://frl.publisso.de/adhoc/uri/V2FuZywgU2h1anVu', 'prefLabel': 'Wang, Shujun'}]","[{'@id': 'http://id.loc.gov/vocabulary/iso639-2/eng', 'prefLabel': 'Englisch'}]","[{'prefLabel': 'Artikel', '@id': 'http://purl.org/ontology/bibo/Article'}]"
frl:6473076,,"[{'@id': 'https://orcid.org/0000-0002-7408-8602', 'prefLabel': 'Bahrampour, Niki'}, {'@id': 'https://frl.publisso.de/adhoc/uri/TWlyemFiYWJhZWksIEF0aWVo', 'prefLabel': 'Mirzababaei, Atieh'}, {'@id': 'https://frl.publisso.de/adhoc/uri/QWJhaiwgRmFlemVo', 'prefLabel': 'Abaj, Faezeh'}, {'@id': 'https://frl.publisso.de/adhoc/uri/SG9zc2VpbmluYXNhYiwgRG9yc2E=', 'prefLabel': 'Hosseininasab, Dorsa'}, {'@id': 'https://frl.publisso.de/adhoc/uri/Q2xhcmssIENhaW4gQy4gVC4=', 'prefLabel': 'Clark, Cain C. T.'}, {'@id': 'https://frl.publisso.de/adhoc/uri/TWlyemFlaSwgS2hhZGlqZWg=', 'prefLabel': 'Mirzaei, Khadijeh'}]","[{'@id': 'http://id.loc.gov/vocabulary/iso639-2/eng', 'prefLabel': 'Englisch'}]","[{'prefLabel': 'Artikel', '@id': 'http://purl.org/ontology/bibo/Article'}]"
frl:6473078,,"[{'@id': 'https://orcid.org/0000-0002-7270-2541', 'prefLabel': 'Ostojic, Sergej'}, {'@id': 'https://frl.publisso.de/adhoc/uri/SGlsbGVzdW5kLCBFbGlzYWJldCBSLg==', 'prefLabel': 'Hillesund, Elisabet R.'}, {'@id': 'https://frl.publisso.de/adhoc/uri/w5h2ZXJieSwgTmluYSBDLg==', 'prefLabel': 'Øverby, Nina C.'}, {'@id': 'https://frl.publisso.de/adhoc/uri/VmlrLCBGcsO4eWRpcyBOLg==', 'prefLabel': 'Vik, Frøydis N.'}, {'@id': 'https://frl.publisso.de/adhoc/uri/TWVkaW4sIEFuaW5lIEMu', 'prefLabel': 'Medin, Anine C.'}]","[{'@id': 'http://id.loc.gov/vocabulary/iso639-2/eng', 'prefLabel': 'Englisch'}]","[{'prefLabel': 'Artikel', '@id': 'http://purl.org/ontology/bibo/Article'}]"
frl:6473080,,"[{'@id': 'https://frl.publisso.de/adhoc/uri/TWFzaGF5ZWtoLCBGYXRlbWVo', 'prefLabel': 'Mashayekh, Fatemeh'}, {'@id': 'https://orcid.org/0000-0002-8099-2112', 'prefLabel': 'Pourahmad, Rezvan'}, {'@id': 'https://frl.publisso.de/adhoc/uri/RXNoYWdoaSwgTW9oYW1tYWQgUmV6YQ==', 'prefLabel': 'Eshaghi, Mohammad Reza'}, {'@id': 'https://orcid.org/0000-0003-4875-4701', 'prefLabel': 'Akbari-adergani, Behrouz'}]","[{'@id': 'http://id.loc.gov/vocabulary/iso639-2/eng', 'prefLabel': 'Englisch'}]","[{'prefLabel': 'Artikel', '@id': 'http://purl.org/ontology/bibo/Article'}]"
frl:6473007,['99373525771706441'],"[{'prefLabel': 'Berger, Stella A.', '@id': 'https://d-nb.info/gnd/130626341'}, {'prefLabel': 'Geßner, Jörn', '@id': 'https://d-nb.info/gnd/129063509'}, {'prefLabel': 'Köhler, Jan', '@id': 'https://d-nb.info/gnd/132176238'}, {'prefLabel': 'Münzner, Karla', '@id': 'https://d-nb.info/gnd/1318379539'}, {'prefLabel': 'Nejstgaard, Jens Christian', '@id': 'https://d-nb.info/gnd/1318390745'}, {'prefLabel': 'Pusch, Martin', '@id': 'https://d-nb.info/gnd/1185437703'}, {'prefLabel': 'Stöck, Matthias', '@id': 'https://d-nb.info/gnd/122978994'}, {'prefLabel': 'Wolter, Christian', '@id': 'https://d-nb.info/gnd/1195560540'}, {'prefLabel': 'Würtz, Sven-Holger', '@id': 'https://d-nb.info/gnd/131913190'}, {'prefLabel': 'Walter, Julia', '@id': 'https://frl.publisso.de/adhoc/author/Walter, Julia'}, {'prefLabel': 'Leibniz-Institut für Gewässerökologie und Binnenfischerei', '@id': 'https://d-nb.info/gnd/10025895-5'}]","[{'@id': 'http://id.loc.gov/vocabulary/iso639-2/ger', 'label': 'Deutsch', 'prefLabel': 'Deutsch'}]","[{'prefLabel': 'Monografie', '@id': 'http://purl.org/ontology/bibo/Book'}]"
frl:6473094,['99373525765406441'],"[{'prefLabel': 'Schweiz. Bundesamt für Statistik', '@id': 'https://d-nb.info/gnd/2055388-2'}]","[{'@id': 'http://id.loc.gov/vocabulary/iso639-2/ger', 'label': 'Deutsch', 'prefLabel': 'Deutsch'}]","[{'prefLabel': 'Statistiken', '@id': 'http://purl.org/lobid/lv#Statistics'}, {'prefLabel': 'Monografie', '@id': 'http://purl.org/ontology/bibo/Book'}]"
frl:6473096,['99373525767006441'],"[{'prefLabel': 'Schweiz. Bundesamt für Statistik', '@id': 'https://d-nb.info/gnd/2055388-2'}]","[{'@id': 'http://id.loc.gov/vocabulary/iso639-2/ger', 'label': 'Deutsch', 'prefLabel': 'Deutsch'}]","[{'prefLabel': 'Monografie', '@id': 'http://purl.org/ontology/bibo/Book'}]"
frl:6473098,['99373525766106441'],"[{'prefLabel': 'Schweiz. Bundesamt für Statistik', '@id': 'https://d-nb.info/gnd/2055388-2'}]","[{'@id': 'http://id.loc.gov/vocabulary/iso639-2/ger', 'label': 'Deutsch', 'prefLabel': 'Deutsch'}]","[{'prefLabel': 'Monografie', '@id': 'http://purl.org/ontology/bibo/Book'}]"
frl:6473100,,"[{'@id': 'https://frl.publisso.de/adhoc/uri/U3UsIEh1aS1LYW4=', 'prefLabel': 'Su, Hui-Kan'}, {'@id': 'https://frl.publisso.de/adhoc/uri/Q2hlbiwgV2VpLUNoYW8=', 'prefLabel': 'Chen, Wei-Chao'}, {'@id': 'https://frl.publisso.de/adhoc/uri/THUsIEppYW4tSGU=', 'prefLabel': 'Lu, Jian-He'}, {'@id': 'https://frl.publisso.de/adhoc/uri/Q2hhbywgSG93LVJhbg==', 'prefLabel': 'Chao, How-Ran'}, {'@id': 'https://frl.publisso.de/adhoc/uri/TGlhbmcsIFl1bi1GYW5n', 'prefLabel': 'Liang, Yun-Fang'}, {'@id': 'https://frl.publisso.de/adhoc/uri/SGFydWthLCBTYXRv', 'prefLabel': 'Haruka, Sato'}, {'@id': 'https://frl.publisso.de/adhoc/uri/SHN1LCBXZW4tTGk=', 'prefLabel': 'Hsu, Wen-Li'}, {'@id': 'https://frl.publisso.de/adhoc/uri/V3UsIE1laS1MaQ==', 'prefLabel': 'Wu, Mei-Li'}, {'@id': 'https://orcid.org/0000-0002-7025-6656', 'prefLabel': 'Tsai, Ming-Hsien'}]","[{'@id': 'http://id.loc.gov/vocabulary/iso639-2/eng', 'prefLabel': 'Englisch'}]","[{'prefLabel': 'Artikel', '@id': 'http://purl.org/ontology/bibo/Article'}]"
frl:6473102,,"[{'@id': 'https://frl.publisso.de/adhoc/uri/VGFsZWJpLCBTYWVlZGVo', 'prefLabel': 'Talebi, Saeedeh'}, {'@id': 'https://frl.publisso.de/adhoc/uri/RGF5LCBBbmRyZXcgUy4=', 'prefLabel': 'Day, Andrew S.'}, {'@id': 'https://frl.publisso.de/adhoc/uri/U2FmYXJpYW4sIE1haGFtbWFk', 'prefLabel': 'Safarian, Mahammad'}, {'@id': 'https://frl.publisso.de/adhoc/uri/U2F5ZWRpLCBTZXllZCBKYXZhZA==', 'prefLabel': 'Sayedi, Seyed Javad'}, {'@id': 'https://frl.publisso.de/adhoc/uri/SmFhZmFyaSwgTWFobW9vZCBSZXph', 'prefLabel': 'Jaafari, Mahmood Reza'}, {'@id': 'https://frl.publisso.de/adhoc/uri/QWJiYXNpLCBaYWhyYQ==', 'prefLabel': 'Abbasi, Zahra'}, {'@id': 'https://orcid.org/0000-0002-3503-5540', 'prefLabel': 'Barghchi, hanieh'}, {'@id': 'https://orcid.org/0000-0003-1881-1525', 'prefLabel': 'Kianifar, Hamid Reza'}]","[{'@id': 'http://id.loc.gov/vocabulary/iso639-2/eng', 'prefLabel': 'Englisch'}]","[{'prefLabel': 'Artikel', '@id': 'http://purl.org/ontology/bibo/Article'}]"
frl:6473104,,"[{'@id': 'https://frl.publisso.de/adhoc/uri/UGVyb3ZpxIcsIFRhdGphbmE=', 'prefLabel': 'Perović, Tatjana'}, {'@id': 'https://orcid.org/0000-0002-9016-9971', 'prefLabel': 'Petrovic, Jovana'}, {'@id': 'https://frl.publisso.de/adhoc/uri/R2HFoWnEhywgVXJvxaE=', 'prefLabel': 'Gašić, Uroš'}, {'@id': 'https://frl.publisso.de/adhoc/uri/S29zdGnEhywgTWFyaW5h', 'prefLabel': 'Kostić, Marina'}, {'@id': 'https://orcid.org/0000-0002-9478-5448', 'prefLabel': 'Ciric, Ana'}]","[{'@id': 'http://id.loc.gov/vocabulary/iso639-2/eng', 'prefLabel': 'Englisch'}]","[{'prefLabel': 'Artikel', '@id': 'http://purl.org/ontology/bibo/Article'}]"
frl:6473089,['99373522560606441'],"[{'prefLabel': 'Schweiz. Bundesamt für Statistik', '@id': 'https://d-nb.info/gnd/2055388-2'}]","[{'@id': 'http://id.loc.gov/vocabulary/iso639-2/ger', 'label': 'Deutsch', 'prefLabel': 'Deutsch'}]","[{'prefLabel': 'Monografie', '@id': 'http://purl.org/ontology/bibo/Book'}]"
frl:6473107,,"[{'@id': 'https://orcid.org/0000-0002-2509-1661', 'prefLabel': 'Kusters, Johannes'}, {'@id': 'https://frl.publisso.de/adhoc/uri/RGllcmdhYXJkZSwgQnJlbmRh', 'prefLabel': 'Diergaarde, Brenda'}, {'@id': 'https://frl.publisso.de/adhoc/uri/TmVzcywgQW5kcmV3', 'prefLabel': 'Ness, Andrew'}, {'@id': 'https://frl.publisso.de/adhoc/uri/dmFuIGRlciBMb2VmZiwgTWFhcnRlbiBGLiBTLg==', 'prefLabel': 'van der Loeff, Maarten F. S.'}, {'@id': 'https://frl.publisso.de/adhoc/uri/SGVpam5lLCBKYW5uZWtlLCBDLiBNLg==', 'prefLabel': 'Heijne, Janneke, C. M.'}, {'@id': 'https://frl.publisso.de/adhoc/uri/U2Nocm9lZGVyLCBMZWE=', 'prefLabel': 'Schroeder, Lea'}, {'@id': 'https://frl.publisso.de/adhoc/uri/SHVlbmlrZW4sIEthdHJpbmE=', 'prefLabel': 'Hueniken, Katrina'}, {'@id': 'https://frl.publisso.de/adhoc/uri/TWNLYXksIEphbWVzIEQu', 'prefLabel': 'McKay, James D.'}, {'@id': 'https://frl.publisso.de/adhoc/uri/TWFjZmFybGFuZSwgR2FyeSBKLg==', 'prefLabel': 'Macfarlane, Gary J.'}, {'@id': 'https://frl.publisso.de/adhoc/uri/TGFnaW91LCBQYWdvbmE=', 'prefLabel': 'Lagiou, Pagona'}, {'@id': 'https://frl.publisso.de/adhoc/uri/TGFnaW91LCBBcmV0aQ==', 'prefLabel': 'Lagiou, Areti'}, {'@id': 'https://orcid.org/0000-0001-9381-1520', 'prefLabel': 'Polesel, Jerry'}, {'@id': 'https://frl.publisso.de/adhoc/uri/QWd1ZG8sIEFudG9uaW8=', 'prefLabel': 'Agudo, Antonio'}, {'@id': 'https://frl.publisso.de/adhoc/uri/QWxlbWFueSwgTGFpYQ==', 'prefLabel': 'Alemany, Laia'}, {'@id': 'https://orcid.org/0000-0003-3777-570X', 'prefLabel': 'Ahrens, Wolfgang'}, {'@id': 'https://frl.publisso.de/adhoc/uri/SGVhbHksIENsYWlyZSBNLg==', 'prefLabel': 'Healy, Claire M.'}, {'@id': 'https://orcid.org/0000-0001-7762-4063', 'prefLabel': 'Conway, David'}, {'@id': 'https://frl.publisso.de/adhoc/uri/Um9iaW5zb24sIE1heA==', 'prefLabel': 'Robinson, Max'}, {'@id': 'https://frl.publisso.de/adhoc/uri/Q2Fub3ZhLCBDcmlzdGluYQ==', 'prefLabel': 'Canova, Cristina'}, {'@id': 'https://frl.publisso.de/adhoc/uri/SG9sY8OhdG92w6EsIEl2YW5h', 'prefLabel': 'Holcátová, Ivana'}, {'@id': 'https://frl.publisso.de/adhoc/uri/UmljaGlhcmRpLCBMb3Jlbnpv', 'prefLabel': 'Richiardi, Lorenzo'}, {'@id': 'https://orcid.org/0000-0002-5849-4782', 'prefLabel': 'Znaor, Ariana'}, {'@id': 'https://frl.publisso.de/adhoc/uri/UHJpbmcsIE1pcmFuZGE=', 'prefLabel': 'Pring, Miranda'}, {'@id': 'https://frl.publisso.de/adhoc/uri/VGhvbWFzLCBTdGV2ZQ==', 'prefLabel': 'Thomas, Steve'}, {'@id': 'https://orcid.org/0000-0001-6203-7771', 'prefLabel': 'Hayes, D. Neil'}, {'@id': 'https://frl.publisso.de/adhoc/uri/TGl1LCBHZW9mZnJleQ==', 'prefLabel': 'Liu, Geoffrey'}, {'@id': 'https://orcid.org/0000-0002-4486-7496', 'prefLabel': 'Hung, Rayjean'}, {'@id': 'https://orcid.org/0000-0002-0518-8714', 'prefLabel': 'Brennan, Paul'}, {'@id': 'https://frl.publisso.de/adhoc/uri/T2xzaGFuLCBBbmRyZXcgRi4=', 'prefLabel': 'Olshan, Andrew F.'}, {'@id': 'https://frl.publisso.de/adhoc/uri/VmlyYW5pLCBTaGFtYQ==', 'prefLabel': 'Virani, Shama'}, {'@id': 'https://frl.publisso.de/adhoc/uri/V2F0ZXJib2VyLCBUaW0=', 'prefLabel': 'Waterboer, Tim'}]","[{'@id': 'http://id.loc.gov/vocabulary/iso639-2/eng', 'prefLabel': 'Englisch'}]","[{'prefLabel': 'Artikel', '@id': 'http://purl.org/ontology/bibo/Article'}]"
frl:6473109,,"[{'@id': 'https://frl.publisso.de/adhoc/uri/SmFuZGFyaSwgU2FqZWRlaA==', 'prefLabel': 'Jandari, Sajedeh'}, {'@id': 'https://orcid.org/0000-0003-3585-9854', 'prefLabel': 'Rezvani, Reza'}, {'@id': 'https://frl.publisso.de/adhoc/uri/WW91c2VmaWFuLCBTYWplZGVo', 'prefLabel': 'Yousefian, Sajedeh'}, {'@id': 'https://frl.publisso.de/adhoc/uri/TW9zYWxtYW56YWRlaCwgTmVnaW4=', 'prefLabel': 'Mosalmanzadeh, Negin'}, {'@id': 'https://frl.publisso.de/adhoc/uri/QmFnaGVybml5YSwgTW9oYW1tYWQ=', 'prefLabel': 'Bagherniya, Mohammad'}, {'@id': 'https://frl.publisso.de/adhoc/uri/U29sZWltYW5pLCBEYXZvb2Q=', 'prefLabel': 'Soleimani, Davood'}, {'@id': 'https://frl.publisso.de/adhoc/uri/TW91c2F2aWFuLCBTZXllZGVoIFpleW5hYg==', 'prefLabel': 'Mousavian, Seyedeh Zeynab'}, {'@id': 'https://frl.publisso.de/adhoc/uri/U2hpdmFwcGEsIE5pdGlu', 'prefLabel': 'Shivappa, Nitin'}, {'@id': 'https://frl.publisso.de/adhoc/uri/SMOpYmVydCwgSmFtZXMgUi4=', 'prefLabel': 'Hébert, James R.'}, {'@id': 'https://frl.publisso.de/adhoc/uri/SmFmYXJ6YWRlaCBFc2ZhaGFuaSwgQWxp', 'prefLabel': 'Jafarzadeh Esfahani, Ali'}, {'@id': 'https://frl.publisso.de/adhoc/uri/QWtoZ2FyaSwgQWJhc3M=', 'prefLabel': 'Akhgari, Abass'}, {'@id': 'https://frl.publisso.de/adhoc/uri/SmFyYWhpLCBMaWRh', 'prefLabel': 'Jarahi, Lida'}, {'@id': 'https://frl.publisso.de/adhoc/uri/U2FmYXJpYW4sIE1vaGFtbWFk', 'prefLabel': 'Safarian, Mohammad'}]","[{'@id': 'http://id.loc.gov/vocabulary/iso639-2/eng', 'prefLabel': 'Englisch'}]","[{'prefLabel': 'Artikel', '@id': 'http://purl.org/ontology/bibo/Article'}]"
frl:6473111,,"[{'@id': 'https://orcid.org/0000-0002-5342-5825', 'prefLabel': 'Amoah, Isaac'}, {'@id': 'https://frl.publisso.de/adhoc/uri/Q2Fpcm5jcm9zcywgQ2Fyb2x5bg==', 'prefLabel': 'Cairncross, Carolyn'}, {'@id': 'https://frl.publisso.de/adhoc/uri/UnVzaCwgRWxhaW5l', 'prefLabel': 'Rush, Elaine'}]","[{'@id': 'http://id.loc.gov/vocabulary/iso639-2/eng', 'prefLabel': 'Englisch'}]","[{'prefLabel': 'Artikel', '@id': 'http://purl.org/ontology/bibo/Article'}]"
frl:6473113,,"[{'@id': 'https://frl.publisso.de/adhoc/uri/UmFzaGVlZCwgTmF2ZWVk', 'prefLabel': 'Rasheed, Naveed'}, {'@id': 'https://frl.publisso.de/adhoc/uri/QWhtZWQsIEFmdGFi', 'prefLabel': 'Ahmed, Aftab'}, {'@id': 'https://frl.publisso.de/adhoc/uri/Tm9zaGVlbiwgRmFyaGFuYQ==', 'prefLabel': 'Nosheen, Farhana'}, {'@id': 'https://orcid.org/0000-0002-0332-8066', 'prefLabel': 'Imran, Dr. Ali'}, {'@id': 'https://orcid.org/0000-0001-6935-5924', 'prefLabel': 'Islam, Fakhar'}, {'@id': 'https://frl.publisso.de/adhoc/uri/Tm9yZWVuLCBSYWJpYQ==', 'prefLabel': 'Noreen, Rabia'}, {'@id': 'https://frl.publisso.de/adhoc/uri/Q2hhdWhhbiwgQW5hbWlrYQ==', 'prefLabel': 'Chauhan, Anamika'}, {'@id': 'https://frl.publisso.de/adhoc/uri/U2hhaCwgTW9oZCBBc2lm', 'prefLabel': 'Shah, Mohd Asif'}, {'@id': 'https://orcid.org/0000-0002-8394-2233', 'prefLabel': 'Amer , Yuosra '}]","[{'@id': 'http://id.loc.gov/vocabulary/iso639-2/eng', 'prefLabel': 'Englisch'}]","[{'prefLabel': 'Artikel', '@id': 'http://purl.org/ontology/bibo/Article'}]"
frl:6473115,,"[{'@id': 'https://frl.publisso.de/adhoc/uri/UWluZywgTGl0aW5n', 'prefLabel': 'Qing, Liting'}, {'@id': 'https://frl.publisso.de/adhoc/uri/TGksIFNodQ==', 'prefLabel': 'Li, Shu'}, {'@id': 'https://frl.publisso.de/adhoc/uri/WWFuLCBTaGl5aW5n', 'prefLabel': 'Yan, Shiying'}, {'@id': 'https://frl.publisso.de/adhoc/uri/V3UsIENoZW5nbWVuZw==', 'prefLabel': 'Wu, Chengmeng'}, {'@id': 'https://frl.publisso.de/adhoc/uri/WWFuLCBYaW4=', 'prefLabel': 'Yan, Xin'}, {'@id': 'https://frl.publisso.de/adhoc/uri/SGUsIFpvbmd5dQ==', 'prefLabel': 'He, Zongyu'}, {'@id': 'https://frl.publisso.de/adhoc/uri/Q2hlbiwgUWlhbg==', 'prefLabel': 'Chen, Qian'}, {'@id': 'https://frl.publisso.de/adhoc/uri/SHVhbmcsIE1pbg==', 'prefLabel': 'Huang, Min'}, {'@id': 'https://frl.publisso.de/adhoc/uri/U2hlbiwgQ2FpaG9uZw==', 'prefLabel': 'Shen, Caihong'}, {'@id': 'https://frl.publisso.de/adhoc/uri/V2FuZywgU29uZ3Rhbw==', 'prefLabel': 'Wang, Songtao'}, {'@id': 'https://frl.publisso.de/adhoc/uri/Q2FvLCBNZWk=', 'prefLabel': 'Cao, Mei'}, {'@id': 'https://orcid.org/0000-0002-8000-1147', 'prefLabel': 'Zhao, Jian'}]","[{'@id': 'http://id.loc.gov/vocabulary/iso639-2/eng', 'prefLabel': 'Englisch'}]","[{'prefLabel': 'Artikel', '@id': 'http://purl.org/ontology/bibo/Article'}]"
frl:6473118,,"[{'@id': 'https://frl.publisso.de/adhoc/uri/U2hpLCBCYW96aGFuZw==', 'prefLabel': 'Shi, Baozhang'}, {'@id': 'https://frl.publisso.de/adhoc/uri/UWlhbiwgSmlucWlhbmc=', 'prefLabel': 'Qian, Jinqiang'}, {'@id': 'https://frl.publisso.de/adhoc/uri/TWlhbywgSG9uZ3l1ZQ==', 'prefLabel': 'Miao, Hongyue'}, {'@id': 'https://frl.publisso.de/adhoc/uri/WmhhbmcsIFNodW8=', 'prefLabel': 'Zhang, Shuo'}, {'@id': 'https://frl.publisso.de/adhoc/uri/SHUsIFl1ZQ==', 'prefLabel': 'Hu, Yue'}, {'@id': 'https://frl.publisso.de/adhoc/uri/TGl1LCBQdXFpbmc=', 'prefLabel': 'Liu, Puqing'}, {'@id': 'https://frl.publisso.de/adhoc/uri/WHUsIExpcGluZw==', 'prefLabel': 'Xu, Liping'}]","[{'@id': 'http://id.loc.gov/vocabulary/iso639-2/eng', 'prefLabel': 'Englisch'}]","[{'prefLabel': 'Artikel', '@id': 'http://purl.org/ontology/bibo/Article'}]"
frl:6472657,['99373341030406441'],"[{'prefLabel': 'Martens, Mike', '@id': 'https://frl.publisso.de/adhoc/author/Martens, Mike'}, {'prefLabel': 'Müller, Peter', '@id': 'https://frl.publisso.de/adhoc/author/Müller, Peter'}, {'prefLabel': 'Gösele, Clarisse', '@id': 'https://frl.publisso.de/adhoc/author/Gösele, Clarisse'}, {'prefLabel': 'Jensen, Kai', '@id': 'https://d-nb.info/gnd/12170923X'}, {'prefLabel': 'Schuchardt, Bastian', '@id': 'https://d-nb.info/gnd/112767990'}, {'prefLabel': 'Michaelis, Rune', '@id': 'https://d-nb.info/gnd/1301169749'}, {'prefLabel': 'Oltmanns, Bernd', '@id': 'https://frl.publisso.de/adhoc/author/Oltmanns, Bernd'}, {'prefLabel': 'Nationalparkverwaltung Niedersächsisches Wattenmeer', '@id': 'https://d-nb.info/gnd/515996-9'}]","[{'@id': 'http://id.loc.gov/vocabulary/iso639-2/ger', 'label': 'Deutsch', 'prefLabel': 'Deutsch'}]","[{'prefLabel': 'Monografie', '@id': 'http://purl.org/ontology/bibo/Book'}, {'prefLabel': 'Report', '@id': 'http://purl.org/ontology/bibo/Report'}]"
frl:6472553,['99373330779806441'],"[{'prefLabel': 'Nestler, Sabine', '@id': 'https://d-nb.info/gnd/1312096144'}, {'prefLabel': 'Michaelis, Rune', '@id': 'https://d-nb.info/gnd/1301169749'}, {'prefLabel': 'Adolph, Inga Winny', '@id': 'https://d-nb.info/gnd/1234933616'}, {'prefLabel': 'Nationalparkverwaltung Niedersächsisches Wattenmeer', '@id': 'https://d-nb.info/gnd/515996-9'}]","[{'@id': 'http://id.loc.gov/vocabulary/iso639-2/ger', 'label': 'Deutsch', 'prefLabel': 'Deutsch'}]","[{'prefLabel': 'Monografie', '@id': 'http://purl.org/ontology/bibo/Book'}, {'prefLabel': 'Report', '@id': 'http://purl.org/ontology/bibo/Report'}]"
frl:6472617,['99373340865806441'],"[{'prefLabel': 'Rupprecht, Franziska', '@id': 'https://d-nb.info/gnd/1024173240'}, {'prefLabel': 'Reichert, Gundolf', '@id': 'https://d-nb.info/gnd/1204075298'}, {'prefLabel': 'Merling, Barbara', '@id': 'https://frl.publisso.de/adhoc/author/Merling, Barbara'}, {'prefLabel': 'Oltmanns, Bernd', '@id': 'https://frl.publisso.de/adhoc/author/Oltmanns, Bernd'}, {'prefLabel': 'Oltmanns, Bernd', '@id': 'https://frl.publisso.de/adhoc/author/Oltmanns, Bernd'}, {'prefLabel': 'Michaelis, Rune', '@id': 'https://d-nb.info/gnd/1301169749'}, {'prefLabel': 'Nationalparkverwaltung Niedersächsisches Wattenmeer', '@id': 'https://d-nb.info/gnd/515996-9'}]","[{'@id': 'http://id.loc.gov/vocabulary/iso639-2/ger', 'label': 'Deutsch', 'prefLabel': 'Deutsch'}]","[{'prefLabel': 'Monografie', '@id': 'http://purl.org/ontology/bibo/Book'}, {'prefLabel': 'Report', '@id': 'http://purl.org/ontology/bibo/Report'}]"
